inst_id,name,eval_year,eval_date,result,items_failed,followup_required
K251EE6A0AD,新北市立萬里幼兒園,112,2023-10-04,基礎評鑑－全數指標通過,0,0
K96322E6030,新北市萬里區萬里國民小學附設幼兒園,112,2023-10-04,基礎評鑑－全數指標通過,0,0
K981605D417,新北市萬里區大鵬國民小學附設幼兒園,112,2023-10-12,基礎評鑑－全數指標通過,0,0
KAA88BE61B3,新北市萬里區野柳國民小學附設幼兒園,112,2023-10-12,基礎評鑑－全數指標通過,0,0
K14C78FA8D9,新北市萬里區大坪國民小學附設幼兒園,112,2023-10-12,基礎評鑑－全數指標通過,0,0
K57BEDBE6A7,新北市私立大鵬幼兒園,112,2023-10-12,基礎評鑑－全數指標通過,0,0
KEF65809F4C,新北市私立天心幼兒園,112,2023-10-12,基礎評鑑－部分指標通過,1,1
KEF65809F4C,新北市私立天心幼兒園,112,2024-05-14,追蹤評鑑－全數指標通過,0,1
K41A64883A1,新北市金山區三和國民小學附設幼兒園,112,2023-10-03,基礎評鑑－全數指標通過,0,0
KB8F87C8C00,新北市金山區中角國民小學附設幼兒園,112,2023-10-03,基礎評鑑－全數指標通過,0,0
KCA518E2BC5,新北市金山區金美國民小學附設幼兒園,112,2023-10-18,基礎評鑑－全數指標通過,0,0
K91DFA75BDD,新北市金山區金山國民小學附設幼兒園,112,2023-10-18,基礎評鑑－全數指標通過,0,0
K11673D0714,財團法人天主教聖母聖心會附設新北市私立天仁幼兒園,112,2023-10-12,基礎評鑑－全數指標通過,0,0
K9D3314DC96,新北市板橋區莒光國民小學附設幼兒園,111,2022-11-04,基礎評鑑－全數指標通過,0,0
K7BA087382E,新北市板橋區後埔國民小學附設幼兒園,111,2022-09-29,基礎評鑑－全數指標通過,0,0
K421A87AD6B,新北市立忠孝國民中學附設幼兒園,111,2022-10-05,基礎評鑑－全數指標通過,0,0
K4E84EC3CF2,新北市板橋區溪洲國民小學附設幼兒園,111,2022-10-14,基礎評鑑－全數指標通過,0,0
K96492F8FC3,新北市立江翠國民中學附設幼兒園,111,2022-11-10,基礎評鑑－全數指標通過,0,0
KBFEEFCC33E,新北市板橋區板橋國民小學附設幼兒園,111,2022-10-26,基礎評鑑－全數指標通過,0,0
K9CF3AB3ACE,新北市板橋區江翠國民小學附設幼兒園,111,2022-09-29,基礎評鑑－全數指標通過,0,0
K8B449DBA33,新北市板橋區大觀國民小學附設幼兒園,111,2022-10-21,基礎評鑑－全數指標通過,0,0
K6C5D2C7F2B,新北市板橋區中山國民小學附設幼兒園,111,2022-10-07,基礎評鑑－部分指標通過,1,1
K6C5D2C7F2B,新北市板橋區中山國民小學附設幼兒園,111,2023-11-20,追蹤評鑑－全數指標通過,0,1
KCF9A1231D9,新北市板橋區重慶國民小學附設幼兒園,111,2022-10-21,基礎評鑑－全數指標通過,0,0
KE71BAFE638,新北市板橋區文德國民小學附設幼兒園,111,2022-09-30,基礎評鑑－全數指標通過,0,0
KA00B678BFA,新北市板橋區海山國民小學附設幼兒園,111,2022-10-26,基礎評鑑－部分指標通過,1,1
KA00B678BFA,新北市板橋區海山國民小學附設幼兒園,111,2023-11-21,追蹤評鑑－全數指標通過,0,1
K1FC7870B2D,新北市板橋區信義國民小學附設幼兒園,111,2022-10-18,基礎評鑑－部分指標通過,1,1
K1FC7870B2D,新北市板橋區信義國民小學附設幼兒園,111,2023-11-23,追蹤評鑑－全數指標通過,0,1
K9A15397C62,新北市立重慶國民中學附設幼兒園,111,2022-09-29,基礎評鑑－部分指標通過,1,1
K9A15397C62,新北市立重慶國民中學附設幼兒園,111,2023-11-21,追蹤評鑑－全數指標通過,0,1
KDE97DCCEFF,新北市立板橋幼兒園,111,2022-10-11,基礎評鑑－全數指標通過,0,0
K0998CD9003,新北市立板橋幼兒園新民分班,111,2022-10-11,基礎評鑑－全數指標通過,0,0
K1287B21A87,新北市立板橋幼兒園和平分班,110,2022-05-17,基礎評鑑－全數指標通過,0,0
K4078F10678,新北市板橋區文聖國民小學附設幼兒園,111,2022-09-30,基礎評鑑－全數指標通過,0,0
K3C2BF4AB40,新北市立溪崑國民中學附設幼兒園,111,2022-11-09,基礎評鑑－全數指標通過,0,0
K6FB70CA073,新北市板橋區沙崙國民小學附設幼兒園,111,2022-10-04,基礎評鑑－全數指標通過,0,0
KE086FABBFD,新北市板橋區新埔國民小學附設幼兒園,111,2022-10-07,基礎評鑑－全數指標通過,0,0
K22996BF6CE,新北市板橋區國光國民小學附設幼兒園,111,2022-09-29,基礎評鑑－全數指標通過,0,0
KFA38645368,新北市立新埔國民中學附設幼兒園,111,2022-10-14,基礎評鑑－全數指標通過,0,0
KD949450392,新北市板橋區實踐國民小學附設幼兒園,111,2022-09-27,基礎評鑑－全數指標通過,0,0
KDB2314D394,新北市板橋區埔墘國民小學附設幼兒園,111,2022-10-20,基礎評鑑－全數指標通過,0,0
KBC44A0178F,新北市私立忠孝幼兒園,111,2022-11-11,基礎評鑑－全數指標通過,0,0
KA8950905BB,新北市私立寶貝媽咪幼兒園,111,2022-09-27,基礎評鑑－全數指標通過,0,0
KCCE18FEAAD,新北市私立愛唯兒幼兒園,111,2022-10-26,基礎評鑑－全數指標通過,0,0
K92FF7CE8ED,新北市私立幼祥幼兒園,111,2022-10-06,基礎評鑑－全數指標通過,0,0
K7CA92835C4,新北市私立小奈米幼兒園,109,2020-10-30,基礎評鑑－全數指標通過,0,0
KDC94887047,新北市私立凱思莉幼兒園,111,2022-10-19,基礎評鑑－全數指標通過,0,0
K6F72C9C8E1,新北市私立芯宇幼兒園,111,2022-10-14,基礎評鑑－部分指標通過,1,1
K6F72C9C8E1,新北市私立芯宇幼兒園,111,2023-11-22,追蹤評鑑－全數指標通過,0,1
K280ECFEE50,新北市私立光星幼兒園,111,2022-10-04,基礎評鑑－全數指標通過,0,0
KB1C063FA70,新北市私立育樂幼兒園,111,2022-10-28,基礎評鑑－全數指標通過,0,0
K5D5E659C71,新北市私立晨暘幼兒園,111,2022-09-30,基礎評鑑－部分指標通過,1,1
K5D5E659C71,新北市私立晨暘幼兒園,111,2023-11-24,追蹤評鑑－全數指標通過,0,1
K8EB02CC372,陽光森林文教股份有限公司臺北縣分公司附設新北市私立陽光小子幼兒園,111,2022-10-19,基礎評鑑－全數指標通過,0,0
KCDB1C9AD5C,新北市私立道安幼兒園,111,2022-09-29,基礎評鑑－全數指標通過,0,0
K22225593FA,新北市私立悅嘉幼兒園,111,2022-11-04,基礎評鑑－全數指標通過,0,0
K616235F5A0,新北市私立立信幼兒園,111,2022-10-20,基礎評鑑－全數指標通過,0,0
KD3BFAADB94,新北市私立雙成幼兒園,111,2022-11-03,基礎評鑑－全數指標通過,0,0
K61383869E3,新北市私立忠山幼兒園,111,2022-10-18,基礎評鑑－全數指標通過,0,0
K5C16AA5A2D,新北市私立幼暉幼兒園,111,2022-10-12,基礎評鑑－全數指標通過,0,0
KF077B0B9E0,新北市私立遠東幼兒園,111,2022-10-19,基礎評鑑－全數指標通過,0,0
KFF6D219D9A,財團法人台北市中華基督教青年會附設新北市私立板新幼兒園,111,2022-10-28,基礎評鑑－全數指標通過,0,0
KE3D47E4A5F,新北市私立蘇格拉底幼兒園,111,2022-10-11,基礎評鑑－全數指標通過,0,0
K3A6C5833C7,新北市私立大業幼兒園,111,2022-10-18,基礎評鑑－全數指標通過,0,0
K51932066C9,新北市私立鴻園幼兒園,111,2022-10-25,基礎評鑑－部分指標通過,1,1
K51932066C9,新北市私立鴻園幼兒園,111,2023-11-21,追蹤評鑑－全數指標通過,0,1
KDCFB08AEF4,新北市私立培揚幼兒園,111,2022-11-01,基礎評鑑－全數指標通過,0,0
K39DE4E2A11,新北市私立艾維恩四維幼兒園,111,2022-11-01,基礎評鑑－部分指標通過,1,1
K39DE4E2A11,新北市私立艾維恩四維幼兒園,111,2023-11-24,追蹤評鑑－全數指標通過,0,1
K10268A722C,新北市私立緹家寶幼兒園,111,2022-11-01,基礎評鑑－部分指標通過,1,1
K10268A722C,新北市私立緹家寶幼兒園,111,2023-11-20,追蹤評鑑－全數指標通過,0,1
K08DCC0E66E,新北市私立小康幼兒園,111,2022-09-27,基礎評鑑－全數指標通過,0,0
K34376407EF,新北市私立和平幼兒園,111,2022-10-28,基礎評鑑－全數指標通過,0,0
K2F73C882A1,新北市私立致理幼兒園,111,2022-10-05,基礎評鑑－全數指標通過,0,0
K31951E7267,財團法人新北市大觀書社附設新北市私立大觀幼兒園,111,2022-10-13,基礎評鑑－全數指標通過,0,0
K3052C2820B,新北市私立雨農幼兒園,111,2022-09-28,基礎評鑑－全數指標通過,0,0
KE488643585,新北市私立童心幼兒園,111,2022-10-04,基礎評鑑－全數指標通過,0,0
KD1D3498C70,新北市私立漢林堡幼兒園,111,2022-10-20,基礎評鑑－全數指標通過,0,0
KB67C7A251E,新北市私立童苑幼兒園,111,2022-10-06,基礎評鑑－全數指標通過,0,0
KEB9B7DB0B5,新北市私立嘉穎幼兒園,111,2022-09-30,基礎評鑑－部分指標通過,1,1
KEB9B7DB0B5,新北市私立嘉穎幼兒園,111,2023-11-20,追蹤評鑑－全數指標通過,0,1
K49649583B4,新北市私立艾法薇爾幼兒園,111,2022-10-27,基礎評鑑－全數指標通過,0,0
K78998EEF90,新北市私立嘉盛幼兒園,111,2022-10-20,基礎評鑑－全數指標通過,0,0
K2CE8DF3544,新北市私立田園幼兒園,111,2022-10-12,基礎評鑑－全數指標通過,0,0
K7109350D08,新北市私立喬幼光明幼兒園,111,2022-10-26,基礎評鑑－全數指標通過,0,0
K3522FCE797,新北市私立喬幼幼兒園,111,2022-10-26,基礎評鑑－全數指標通過,0,0
KF19E7D35A7,新北市私立寶貝媽咪資優幼兒園,111,2022-09-27,基礎評鑑－全數指標通過,0,0
K285B142ADE,新北市私立康園幼兒園,111,2022-10-19,基礎評鑑－全數指標通過,0,0
K75E07801E5,新北市私立幸福幼兒園,111,2022-10-20,基礎評鑑－全數指標通過,0,0
K84DA748503,新北市私立恬馨幼兒園,111,2022-11-09,基礎評鑑－全數指標通過,0,0
K40760EBB94,新北市私立悅淨幼兒園,111,2022-11-03,基礎評鑑－全數指標通過,0,0
KE196F03BC1,新北市私立智翔幼兒園,111,2022-09-28,基礎評鑑－全數指標通過,0,0
KBF5A24D339,新北市私立大恩幼兒園,111,2022-10-05,基礎評鑑－全數指標通過,0,0
KD88FE118B4,新北市私立大同幼兒園,111,2022-10-07,基礎評鑑－全數指標通過,0,0
KA6DDFAFE52,新北市私立吉智幼兒園,111,2022-10-14,基礎評鑑－全數指標通過,0,0
K12AF030824,新北市私立優兒幼兒園,111,2022-09-27,基礎評鑑－全數指標通過,0,0
KFB40BD770B,新北市私立喬一幼兒園,111,2022-10-20,基礎評鑑－全數指標通過,0,0
K9400C944E3,新北市私立科見板橋幼兒園,111,2022-10-11,基礎評鑑－部分指標通過,1,1
K9400C944E3,新北市私立科見板橋幼兒園,111,2023-11-21,追蹤評鑑－全數指標通過,0,1
KAE06BD146C,新北市私立卡爾斯登幼兒園,111,2022-11-08,基礎評鑑－全數指標通過,0,0
KD13A594516,新北市私立永錡板橋幼兒園,111,2022-10-11,基礎評鑑－全數指標通過,0,0
K63C3AB5C22,新北市私立文堡幼兒園,111,2022-10-20,基礎評鑑－全數指標通過,0,0
KC0EC154EDA,新北市私立優貝兒幼兒園,111,2022-10-25,基礎評鑑－部分指標通過,1,1
KC0EC154EDA,新北市私立優貝兒幼兒園,111,2023-11-21,追蹤評鑑－全數指標通過,0,1
K464DD7BAD8,新北市私立育群幼兒園,111,2022-09-30,基礎評鑑－全數指標通過,0,0
KF648DFD762,新北市私立心世紀幼兒園,111,2022-10-27,基礎評鑑－全數指標通過,0,0
K09D5E8D9DE,新北市私立慧晟幼兒園,111,2022-10-20,基礎評鑑－全數指標通過,0,0
KD92D8C5A2A,新北市私立聖路易幼兒園,111,2022-10-27,基礎評鑑－全數指標通過,0,0
KD5D2B67D50,新北市私立愛森堡幼兒園,111,2022-10-19,基礎評鑑－全數指標通過,0,0
KF757CAACF6,新北市私立喬治亞幼兒園,111,2022-11-08,基礎評鑑－全數指標通過,0,0
K2565003580,新北市私立菲蒙思幼兒園,111,2022-09-29,基礎評鑑－全數指標通過,0,0
K434D732839,新北市私立班尼迪克幼兒園,111,2022-11-01,基礎評鑑－全數指標通過,0,0
K3CFAD92B70,新北市私立全能愛彌兒板橋幼兒園,111,2022-10-11,基礎評鑑－部分指標通過,1,1
K3CFAD92B70,新北市私立全能愛彌兒板橋幼兒園,111,2023-11-20,追蹤評鑑－全數指標通過,0,1
K682E4D4253,新北市私立全能愛彌兒板橋幼兒園永豐分班,111,2022-10-11,基礎評鑑－全數指標通過,0,0
KA1774C5940,新北市私立偉仁幼兒園,111,2022-11-10,基礎評鑑－全數指標通過,0,0
K5F8A5D67F9,新北市私立愷僑幼兒園,111,2022-11-01,基礎評鑑－全數指標通過,0,0
K9C0E94470C,新北市私立喬心幼兒園,111,2022-10-06,基礎評鑑－全數指標通過,0,0
K307023BF4D,新北市私立興名陽幼兒園,111,2022-10-21,基礎評鑑－全數指標通過,0,0
K02579FF971,新北市私立莒光幼兒園,111,2022-09-30,基礎評鑑－全數指標通過,0,0
K42ED90D2AC,新北市私立藍天幼兒園,111,2022-10-14,基礎評鑑－全數指標通過,0,0
K3AB6B5DE76,新北市私立雅森幼兒園,111,2022-11-09,基礎評鑑－全數指標通過,0,0
KC7A0D2EF20,新北市私立欣勵德幼兒園,111,2022-10-11,基礎評鑑－部分指標通過,1,1
KC7A0D2EF20,新北市私立欣勵德幼兒園,111,2023-11-23,追蹤評鑑－全數指標通過,0,1
KD9D74AC367,新北市私立悅欣幼兒園,111,2022-11-03,基礎評鑑－全數指標通過,0,0
K459294B211,新北市私立漢東幼兒園,111,2022-10-12,基礎評鑑－全數指標通過,0,0
K976A4272F0,新北市私立山姆叔叔板橋幼兒園,111,2022-11-10,基礎評鑑－全數指標通過,0,0
KC96336634F,新北市私立育太幼兒園,111,2022-11-01,基礎評鑑－全數指標通過,0,0
K954E045544,新北市私立彬彬幼兒園,111,2022-10-13,基礎評鑑－全數指標通過,0,0
KFD345B0A8C,新北市私立板橋天翔幼兒園,111,2022-11-02,基礎評鑑－全數指標通過,0,0
K577B987786,新北市私立古典幼兒園,111,2022-09-29,基礎評鑑－部分指標通過,1,1
K577B987786,新北市私立古典幼兒園,111,2023-11-23,追蹤評鑑－全數指標通過,0,1
K409F5EAFB6,新北市私立江翠幼兒園,111,2022-11-10,基礎評鑑－全數指標通過,0,0
KC8E2B4DA73,新北市私立圓心坊幼兒園,111,2022-10-04,基礎評鑑－全數指標通過,0,0
K07FE0DFFD8,新北市私立若仁幼兒園,111,2022-11-09,基礎評鑑－全數指標通過,0,0
KFB1CE048B3,新北市私立正隆幼兒園,111,2022-09-27,基礎評鑑－全數指標通過,0,0
KDD92EB2D16,新北市私立天愛幼兒園,111,2022-10-04,基礎評鑑－部分指標通過,1,1
KDD92EB2D16,新北市私立天愛幼兒園,111,2023-11-20,追蹤評鑑－全數指標通過,0,1
KD681F17D65,新北市私立立聖幼兒園,111,2022-10-18,基礎評鑑－全數指標通過,0,0
K571488907B,新北市私立大自然幼兒園,111,2022-10-18,基礎評鑑－部分指標通過,1,1
K571488907B,新北市私立大自然幼兒園,111,2023-11-21,追蹤評鑑－全數指標通過,0,1
KB412F4F4C0,新北市私立板橋大華幼兒園,111,2022-10-04,基礎評鑑－全數指標通過,0,0
KFA7116299F,新北市私立國儷幼兒園,111,2022-10-19,基礎評鑑－全數指標通過,0,0
K6A867D1257,新北市私立靜立幼兒園,111,2022-10-25,基礎評鑑－部分指標通過,1,1
K6A867D1257,新北市私立靜立幼兒園,111,2023-11-21,追蹤評鑑－全數指標通過,0,1
K60D5DAB4A1,新北市私立天藍幼兒園,111,2022-10-28,基礎評鑑－全數指標通過,0,0
K2A046D198C,新北市私立大安幼兒園,111,2022-10-18,基礎評鑑－全數指標通過,0,0
KEF465F386C,新北市私立諾亞幼兒園,111,2022-10-26,基礎評鑑－全數指標通過,0,0
K77838E0E97,新北市私立精緻之家幼兒園,111,2022-10-04,基礎評鑑－部分指標通過,1,1
K77838E0E97,新北市私立精緻之家幼兒園,111,2023-11-21,追蹤評鑑－全數指標通過,0,1
K9431D5B76F,新北市私立亞特幼兒園,111,2022-11-08,基礎評鑑－全數指標通過,0,0
KDC6DC43607,新北市私立卡爾威特幼兒園,111,2022-11-11,基礎評鑑－全數指標通過,0,0
KD2CDF46062,新北市私立心耶魯幼兒園,111,2022-09-30,基礎評鑑－全數指標通過,0,0
K8A6C80DB91,新北市私立葳肯幼兒園,111,2022-11-08,基礎評鑑－全數指標通過,0,0
K0083870ACC,新北市私立溫馨幼兒園,111,2022-10-14,基礎評鑑－全數指標通過,0,0
KCE35B0B096,新北市私立板橋育安幼兒園,111,2022-11-01,基礎評鑑－全數指標通過,0,0
K3178125005,新北市私立巧可麗巧宇幼兒園,111,2022-10-27,基礎評鑑－全數指標通過,0,0
K3838815355,新北市私立新雙成幼兒園,111,2022-11-03,基礎評鑑－全數指標通過,0,0
K900768BA2B,新北市私立鹿兒堡幼兒園,111,2022-11-11,基礎評鑑－全數指標通過,0,0
KEF70F30B6A,新北市私立菩提幼兒園,111,2022-10-04,基礎評鑑－全數指標通過,0,0
KC3B4905E61,新北市私立發現小熊森林幼兒園,111,2022-11-09,基礎評鑑－部分指標通過,1,1
KC3B4905E61,新北市私立發現小熊森林幼兒園,111,2023-11-20,追蹤評鑑－全數指標通過,0,1
KF579600166,新北市私立茁壯園板橋幼兒園,110,2021-10-20,基礎評鑑－全數指標通過,0,0
K267F86BC8A,新北市私立皇家貴族幼兒園,111,2022-10-06,基礎評鑑－部分指標通過,1,1
K267F86BC8A,新北市私立皇家貴族幼兒園,111,2023-11-22,追蹤評鑑－全數指標通過,0,1
K32F807E0CE,新北市私立漂亮寶貝幼兒園,111,2022-10-06,基礎評鑑－部分指標通過,1,1
K32F807E0CE,新北市私立漂亮寶貝幼兒園,111,2023-11-22,追蹤評鑑－全數指標通過,0,1
K86D95E6648,新北市私立幼菁幼兒園,111,2022-10-11,基礎評鑑－全數指標通過,0,0
K1B43B6E372,新北市私立台大幼兒園,111,2022-11-02,基礎評鑑－全數指標通過,0,0
K91741FFF27,新北市私立幼華幼兒園,111,2022-09-29,基礎評鑑－部分指標通過,1,1
K91741FFF27,新北市私立幼華幼兒園,111,2023-11-23,追蹤評鑑－部分指標通過,1,1
K91741FFF27,新北市私立幼華幼兒園,111,2024-11-19,"行政處分－部分指標改善完畢 (1.經追蹤評鑑未通過實地訪視仍未改善，第1次違反幼兒教育及照顧法，處新臺幣60,000元整。 2.文到次日起6個月內完成改善，逾期未改善，本府得按次處罰。)",1,1
K91741FFF27,新北市私立幼華幼兒園,111,2024-11-20,行政處分－全數指標改善完畢,0,0
K55CE3E3870,新北市私立三元幼兒園,111,2022-11-09,基礎評鑑－全數指標通過,0,0
K5FD9026C34,新北市私立吉的堡南雅幼兒園,111,2022-10-05,基礎評鑑－全數指標通過,0,0
K2B23DBDC56,新北市私立生活村幼兒園,111,2022-10-26,基礎評鑑－全數指標通過,0,0
K701701A723,新北市私立慈惠幼兒園,111,2022-10-26,基礎評鑑－全數指標通過,0,0
K7D1B0B1AF5,新北市私立文聖幼兒園,111,2022-09-29,基礎評鑑－部分指標通過,1,1
K7D1B0B1AF5,新北市私立文聖幼兒園,111,2023-11-23,追蹤評鑑－全數指標通過,0,1
KAC7623D6EE,新北市私立薇吉妮亞幼兒園,111,2022-10-21,基礎評鑑－全數指標通過,0,0
KBA8AF40594,新北市私立艾法貝爾幼兒園,110,2021-10-20,基礎評鑑－部分指標通過,1,1
KBA8AF40594,新北市私立艾法貝爾幼兒園,110,2022-12-01,追蹤評鑑－全數指標通過,0,1
K3452882B4D,新北市私立布查花園幼兒園,111,2022-10-07,基礎評鑑－全數指標通過,0,0
KED39D6F381,新北市政府板橋員工子女非營利幼兒園（委託財團法人台北基督教女青年會辦理）,111,2022-11-11,基礎評鑑－全數指標通過,0,0
KB123C46D82,新北市大觀非營利幼兒園(委託社團法人新北市中華國際嬰幼兒發展學會辦理),110,2021-11-11,基礎評鑑－全數指標通過,0,0
K1903EBE606,新北市新月非營利幼兒園(委託財團法人彭婉如文教基金會辦理),110,2021-11-11,基礎評鑑－全數指標通過,0,0
K557631E383,新北市柏翠非營利幼兒園(委託財團法人心路社會福利基金會辦理),111,2022-11-01,基礎評鑑－全數指標通過,0,0
KBD1D2CF7BD,新北市翠中非營利幼兒園(委託財團法人三之三生命教育基金會辦理),113,2024-10-11,基礎評鑑－全數指標通過,0,0
K10476584A3,新北市汐止區汐止國民小學附設幼兒園,110,2021-11-12,基礎評鑑－全數指標通過,0,0
K3CD0D6D018,新北市汐止區樟樹國民小學附設幼兒園,110,2021-10-15,基礎評鑑－全數指標通過,0,0
K3439F4EB72,新北市立青山國民中小學附設幼兒園,110,2021-10-22,基礎評鑑－全數指標通過,0,0
K2548FA4D8F,新北市汐止區崇德國民小學附設幼兒園,110,2021-11-10,基礎評鑑－全數指標通過,0,0
K8651E9B978,新北市汐止區保長國民小學附設幼兒園,110,2021-10-12,基礎評鑑－全數指標通過,0,0
K0DC94E8C19,新北市汐止區秀峰國民小學附設幼兒園,110,2021-10-13,基礎評鑑－全數指標通過,0,0
KBAE4E2CCE2,新北市汐止區白雲國民小學附設幼兒園,110,2021-11-09,基礎評鑑－全數指標通過,0,0
KA4EF53E6EC,新北市汐止區北港國民小學附設幼兒園,110,2021-10-20,基礎評鑑－全數指標通過,0,0
K59492C7164,新北市汐止區北峰國民小學附設幼兒園,110,2021-11-04,基礎評鑑－全數指標通過,0,0
KF5A218A809,新北市汐止區金龍國民小學附設幼兒園,110,2021-10-22,基礎評鑑－全數指標通過,0,0
K47E55CD4AA,新北市汐止區長安國民小學附設幼兒園,110,2021-10-21,基礎評鑑－部分指標通過,1,1
K47E55CD4AA,新北市汐止區長安國民小學附設幼兒園,110,2022-11-30,追蹤評鑑－全數指標通過,0,1
K4D359D6DC5,新北市私立芝蔴城幼兒園,110,2021-11-02,基礎評鑑－全數指標通過,0,0
K97F2B56158,新北市私立佳盈幼兒園,110,2021-10-22,基礎評鑑－全數指標通過,0,0
KA6715F3680,新北市私立愛樂幼兒園,110,2021-11-05,基礎評鑑－全數指標通過,0,0
K978AAB7605,新北市私立新大華幼兒園,110,2021-10-14,基礎評鑑－全數指標通過,0,0
K2A71FFD12D,新北市私立汐止皇家幼兒園,110,2021-11-05,基礎評鑑－全數指標通過,0,0
KC5AFE77BB8,新北市私立超群幼兒園,110,2021-10-08,基礎評鑑－全數指標通過,0,0
KC95C2881F3,新北市私立新寶兒幼兒園,110,2021-11-03,基礎評鑑－全數指標通過,0,0
K78D4F71AEE,新北市私立向日葵幼兒園,110,2021-10-15,基礎評鑑－部分指標通過,1,1
K78D4F71AEE,新北市私立向日葵幼兒園,110,2022-12-01,追蹤評鑑－全數指標通過,0,1
KA915FD0035,新北市私立君格綠園道幼兒園,110,2021-10-15,基礎評鑑－全數指標通過,0,0
K46712F5128,新北市私立汐止名人幼兒園,110,2021-10-14,基礎評鑑－全數指標通過,0,0
K4708110F39,新北市私立崴崴幼兒園,110,2021-11-04,基礎評鑑－全數指標通過,0,0
K5F60D12C04,新北市私立華慶幼兒園,110,2021-10-12,基礎評鑑－全數指標通過,0,0
K6B120D84D9,新北市私立愛莉幼兒園,112,2023-11-02,基礎評鑑－全數指標通過,0,0
K82E4DF03FC,新北市私立大愛幼兒園,110,2021-10-07,基礎評鑑－全數指標通過,0,0
K2D94659177,新北市私立愛麗兒幼兒園,110,2021-10-22,基礎評鑑－全數指標通過,0,0
KB26C687A03,新北市私立立強幼兒園,110,2021-11-05,基礎評鑑－全數指標通過,0,0
K584B43CA14,新北市私立慧爾幼兒園,110,2021-10-14,基礎評鑑－全數指標通過,0,0
KABC681F8FD,新北市私立立德幼兒園,110,2021-10-22,基礎評鑑－全數指標通過,0,0
K8909142C33,新北市私立童圓幼兒園,110,2021-10-15,基礎評鑑－全數指標通過,0,0
KCE717F4AAF,新北市私立華興幼兒園,110,2021-10-22,基礎評鑑－全數指標通過,0,0
KEEB8A368B8,新北市私立恩佑幼兒園,110,2021-10-14,基礎評鑑－全數指標通過,0,0
K7583A2E5D4,新北市私立康華幼兒園,110,2021-10-07,基礎評鑑－全數指標通過,0,0
KA374EB96A3,新北市私立汐止一二三幼兒園,110,2021-10-07,基礎評鑑－全數指標通過,0,0
K79C82B2A04,新北市私立唯爾幼兒園,110,2021-10-07,基礎評鑑－全數指標通過,0,0
KC732095819,新北市私立宏米優質幼兒園,110,2021-10-19,基礎評鑑－全數指標通過,0,0
KE025300CB2,新北市私立威頓皇家幼兒園,110,2021-10-13,基礎評鑑－部分指標通過,1,1
KE025300CB2,新北市私立威頓皇家幼兒園,110,2022-11-30,追蹤評鑑－全數指標通過,0,1
KD5621C9DBF,新北市私立聯合幼兒園,110,2021-10-20,基礎評鑑－全數指標通過,0,0
KB441CF368C,新北市私立曼哈頓幼兒園,110,2021-10-22,基礎評鑑－全數指標通過,0,0
KE0B54987A6,新北市私立新華德幼兒園,110,2021-10-19,基礎評鑑－全數指標通過,0,0
KCE822E48F9,新北市私立惟柰米幼兒園,110,2021-11-05,基礎評鑑－部分指標通過,1,1
KCE822E48F9,新北市私立惟柰米幼兒園,110,2022-12-01,追蹤評鑑－全數指標通過,0,1
K7A03AE1A47,新北市私立嘉維幼兒園,110,2021-11-02,基礎評鑑－全數指標通過,0,0
K5305A3526D,新北市私立新豐幼兒園,110,2021-11-10,基礎評鑑－全數指標通過,0,0
K891B780F18,新北市私立青山幼兒園,110,2021-11-03,基礎評鑑－全數指標通過,0,0
K636239A1F9,新北市私立康大幼兒園,110,2021-10-12,基礎評鑑－部分指標通過,1,1
K636239A1F9,新北市私立康大幼兒園,110,2022-12-01,追蹤評鑑－全數指標通過,0,1
KB9005B2261,新北市私立神奇小子幼兒園,110,2021-10-05,基礎評鑑－部分指標通過,1,1
KB9005B2261,新北市私立神奇小子幼兒園,110,2022-12-01,追蹤評鑑－全數指標通過,0,1
KDF89A14750,新北市私立柏克力幼兒園,110,2021-10-22,基礎評鑑－全數指標通過,0,0
K1701D39A76,新北市汐止區農會附設新北市私立汐農幼兒園,110,2021-10-27,基礎評鑑－全數指標通過,0,0
K26C62B646B,新北市私立花仙子幼兒園,110,2021-11-04,基礎評鑑－全數指標通過,0,0
K72ABFEE42F,新北市私立哈寶寶幼兒園,110,2021-10-05,基礎評鑑－全數指標通過,0,0
K3E08B2D34A,新北市私立幼煊幼兒園,110,2021-10-27,基礎評鑑－全數指標通過,0,0
K633E46997A,新北市私立書樂幼兒園,110,2021-10-15,基礎評鑑－全數指標通過,0,0
K48D8205FF4,新北市私立崇幼幼兒園,110,2021-11-04,基礎評鑑－全數指標通過,0,0
K9CC60AB705,新北市私立維格爾幼兒園,110,2021-10-15,基礎評鑑－全數指標通過,0,0
KD9231FC3BE,新北市私立維格爾欣悅幼兒園,110,2021-10-08,基礎評鑑－全數指標通過,0,0
K30F85DD335,新北市私立康大創藝幼兒園,110,2021-10-12,基礎評鑑－部分指標通過,1,1
K30F85DD335,新北市私立康大創藝幼兒園,110,2022-12-01,追蹤評鑑－全數指標通過,0,1
KD21D0EF52B,新北市深坑區深坑國民小學附設幼兒園,110,2021-10-21,基礎評鑑－全數指標通過,0,0
K71A565FFBC,新北市立深坑國民中學附設幼兒園,110,2021-10-06,基礎評鑑－全數指標通過,0,0
KD931B56BE2,新北市立深坑幼兒園,110,2021-10-28,基礎評鑑－全數指標通過,0,0
K1D83AD5B82,新北市立深坑幼兒園土庫分班,110,2021-10-28,基礎評鑑－全數指標通過,0,0
K27A23C7F98,新北市私立春福幼兒園,110,2021-10-06,基礎評鑑－全數指標通過,0,0
KE74A3F19B6,新北市私立深緣幼兒園,110,2021-10-21,基礎評鑑－全數指標通過,0,0
K2A2AFADD23,新北市私立新象幼兒園,110,2021-10-21,基礎評鑑－全數指標通過,0,0
KD0209C159D,新北市石碇區石碇國民小學附設幼兒園,110,2021-11-02,基礎評鑑－全數指標通過,0,0
K0936B684DA,新北市石碇區永定國民小學附設幼兒園,110,2021-11-02,基礎評鑑－全數指標通過,0,0
K82A6137376,新北市石碇區和平國民小學附設幼兒園,110,2021-10-14,基礎評鑑－全數指標通過,0,0
K891CD5B22B,新北市瑞芳區義方國民小學附設幼兒園,110,2021-11-02,基礎評鑑－全數指標通過,0,0
KA2B38A5F4E,新北市瑞芳區瑞濱國民小學附設幼兒園,110,2021-11-12,基礎評鑑－全數指標通過,0,0
KC8F115E4D0,新北市瑞芳區瑞亭國民小學附設幼兒園,110,2021-10-26,基礎評鑑－全數指標通過,0,0
KFF92A1F371,新北市瑞芳區瑞芳國民小學附設幼兒園,110,2021-11-02,基礎評鑑－全數指標通過,0,0
KE1AB6E7B2B,新北市立瑞芳國民中學附設幼兒園,110,2021-10-20,基礎評鑑－全數指標通過,0,0
K263933E0C5,新北市立猴硐—蒙特梭利實驗小學附設幼兒園,110,2021-10-08,基礎評鑑－全數指標通過,0,0
K06EF4D50BD,新北市瑞芳區九份國民小學附設幼兒園,110,2021-10-28,基礎評鑑－全數指標通過,0,0
K49C5DA6D8B,新北市瑞芳區瓜山國民小學附設幼兒園,110,2021-10-28,基礎評鑑－全數指標通過,0,0
K7CEC275024,新北市瑞芳區吉慶國民小學附設幼兒園,110,2021-11-11,基礎評鑑－全數指標通過,0,0
K6319A9127F,新北市瑞芳區鼻頭國民小學附設幼兒園,110,2021-11-10,基礎評鑑－全數指標通過,0,0
KE0A7510512,新北市瑞芳區濂洞國民小學附設幼兒園,110,2021-11-12,基礎評鑑－全數指標通過,0,0
K30AAE942B5,新北市瑞芳區瑞柑國民小學附設幼兒園,110,2021-10-08,基礎評鑑－全數指標通過,0,0
K84AF9284F3,新北市私立星星幼兒園,110,2021-10-20,基礎評鑑－全數指標通過,0,0
KA689FA0DE2,新北市私立育格幼兒園,110,2021-10-26,基礎評鑑－部分指標通過,1,1
KA689FA0DE2,新北市私立育格幼兒園,110,2022-12-01,追蹤評鑑－全數指標通過,0,1
KE629DEEF66,新北市私立米其幼兒園,110,2021-11-02,基礎評鑑－全數指標通過,0,0
K24F6B5BE38,新北市私立樺興幼兒園,110,2021-11-02,基礎評鑑－部分指標通過,1,1
K24F6B5BE38,新北市私立樺興幼兒園,110,2022-11-30,追蹤評鑑－全數指標通過,0,1
KF313E3632C,新北市平溪區菁桐國民小學附設幼兒園,110,2021-10-28,基礎評鑑－全數指標通過,0,0
K2443B29CA1,新北市平溪區十分國民小學附設幼兒園,110,2021-10-28,基礎評鑑－全數指標通過,0,0
K0628108F11,新北市平溪區平溪國民小學附設幼兒園,110,2021-10-28,基礎評鑑－全數指標通過,0,0
KB146B4A1B5,新北市雙溪區雙溪國民小學附設幼兒園,110,2021-10-29,基礎評鑑－全數指標通過,0,0
K1B36B1DCF7,新北市雙溪區牡丹國民小學附設幼兒園,110,2021-10-29,基礎評鑑－全數指標通過,0,0
KE8916446A7,新北市雙溪區上林國民小學附設幼兒園,110,2021-10-28,基礎評鑑－全數指標通過,0,0
K884CBC2DF2,新北市貢寮區澳底國民小學附設幼兒園,110,2021-11-09,基礎評鑑－全數指標通過,0,0
KE5C5431CBF,新北市貢寮區貢寮國民小學附設幼兒園,110,2021-10-15,基礎評鑑－全數指標通過,0,0
K66281C296F,新北市貢寮區貢寮國民小學附設幼兒園龍門分班,110,2021-10-15,基礎評鑑－全數指標通過,0,0
K427215B4BA,新北市貢寮區和美國民小學附設幼兒園,110,2021-11-10,基礎評鑑－全數指標通過,0,0
KC2A05F80D2,新北市貢寮區福隆國民小學附設幼兒園,110,2021-11-09,基礎評鑑－全數指標通過,0,0
KC503D0C623,新北市立五峰國民中學附設幼兒園,110,2021-10-29,基礎評鑑－全數指標通過,0,0
K2DD4829E16,新北市新店區青潭國民小學附設幼兒園,110,2021-10-19,基礎評鑑－全數指標通過,0,0
K28831B19C1,新北市新店區直潭國民小學附設幼兒園,110,2021-11-03,基礎評鑑－全數指標通過,0,0
KA16B207C66,新北市新店區屈尺國民小學附設幼兒園,110,2021-10-13,基礎評鑑－全數指標通過,0,0
K5212F13CB9,新北市新店區北新國民小學附設幼兒園,110,2021-11-11,基礎評鑑－全數指標通過,0,0
K942735F14D,新北市立安康高級中學附設幼兒園,110,2021-10-13,基礎評鑑－全數指標通過,0,0
KF432B37733,新北市新店區中正國民小學附設幼兒園,110,2021-10-12,基礎評鑑－全數指標通過,0,0
K7264F971ED,新北市新店區新店國民小學附設幼兒園,110,2021-10-19,基礎評鑑－全數指標通過,0,0
K0DF4117CFF,新北市立新店幼兒園,110,2021-11-10,基礎評鑑－全數指標通過,0,0
K2E99F58CEF,新北市立新店幼兒園碧潭分班,110,2021-11-11,基礎評鑑－全數指標通過,0,0
K2FD9E56D95,新北市立新店幼兒園雙城分班,110,2021-11-03,基礎評鑑－全數指標通過,0,0
KDC1E96BD1C,新北市新店區龜山國民小學附設幼兒園,110,2021-10-13,基礎評鑑－全數指標通過,0,0
K32E2C3E2A4,新北市新店區新和國民小學附設幼兒園,110,2021-11-10,基礎評鑑－全數指標通過,0,0
KFA527B9076,新北市新店區雙峰國民小學附設幼兒園,110,2021-10-05,基礎評鑑－全數指標通過,0,0
KD352BCC53C,新北市新店區安坑國民小學附設幼兒園,110,2021-11-03,基礎評鑑－全數指標通過,0,0
K6555DFB5D2,新北市新店區大豐國民小學附設幼兒園,110,2021-10-07,基礎評鑑－全數指標通過,0,0
K0BAB36596E,新北市新店區雙城國民小學附設幼兒園,110,2021-10-08,基礎評鑑－全數指標通過,0,0
K6DB8640901,新北市私立容石園幼兒園,110,2021-10-08,基礎評鑑－全數指標通過,0,0
K0A2C182E15,新北市私立向日園幼兒園,110,2021-10-21,基礎評鑑－全數指標通過,0,0
K9FE6704A07,新北市私立童心圓幼兒園,110,2021-10-15,基礎評鑑－部分指標通過,1,1
K9FE6704A07,新北市私立童心圓幼兒園,110,2022-12-01,追蹤評鑑－全數指標通過,0,1
K58A1FE272F,新北市私立林肯幼兒園,110,2021-11-03,基礎評鑑－全數指標通過,0,0
KC515C8B93E,財團法人耕莘健康管理專科學校附設新北市私立實驗幼兒園,110,2021-10-22,基礎評鑑－全數指標通過,0,0
KE5F3333CF7,新北市私立立大幼兒園,110,2021-11-10,基礎評鑑－全數指標通過,0,0
K0556B281FD,新北市私立水星幼兒園,110,2021-10-29,基礎評鑑－全數指標通過,0,0
KE16BEDD05B,新北市私立通泉草幼兒園,110,2021-11-03,基礎評鑑－全數指標通過,0,0
K580A8F4446,新北市私立積木幼兒園,110,2021-11-09,基礎評鑑－全數指標通過,0,0
K5D7D66DA6B,新北市私立寶媽媽幼兒園,110,2021-10-08,基礎評鑑－全數指標通過,0,0
KD43F57BE7A,新北市私立炫媽咪幼兒園,110,2021-11-10,基礎評鑑－部分指標通過,1,1
KD43F57BE7A,新北市私立炫媽咪幼兒園,110,2022-12-02,追蹤評鑑－全數指標通過,0,1
K99E010EAA3,新北市私立聯華幼兒園,110,2021-11-11,基礎評鑑－全數指標通過,0,0
KC03F4C15E2,新北市私立安馨新店幼兒園,110,2021-11-12,基礎評鑑－全數指標通過,0,0
KA84E75B0A2,新北市私立好好幼兒園,110,2021-10-26,基礎評鑑－全數指標通過,0,0
K9BBFA26652,新北市私立新中幼兒園,110,2021-10-29,基礎評鑑－全數指標通過,0,0
K8F919338BD,新北市私立嘉慶幼兒園,110,2021-10-26,基礎評鑑－全數指標通過,0,0
K68FC9514F8,新北市私立佳欣幼兒園,110,2021-11-02,基礎評鑑－全數指標通過,0,0
K6C2C4334BF,新北市私立佳欣中正幼兒園,110,2021-11-02,基礎評鑑－全數指標通過,0,0
K243B5E8FFD,新北市私立幼幼立大幼兒園,110,2021-11-09,基礎評鑑－全數指標通過,0,0
KDF540C33D1,新北市私立禾力幼兒園,110,2021-10-19,基礎評鑑－全數指標通過,0,0
K69903BFBB2,新北市私立幼禾幼兒園,110,2021-10-12,基礎評鑑－全數指標通過,0,0
K6FED539CD6,新北市私立菲力中興幼兒園,110,2021-10-19,基礎評鑑－全數指標通過,0,0
K4805A995B9,新北市私立菲力復興幼兒園,110,2021-10-19,基礎評鑑－全數指標通過,0,0
KAEF3528586,康軒文教事業股份有限公司附設新北市私立員工幼兒園,110,2021-10-12,基礎評鑑－全數指標通過,0,0
K628D19049C,新北市私立雅格幼兒園,110,2021-10-26,基礎評鑑－全數指標通過,0,0
K32DAD09BCA,新北市私立樂韻幼兒園,110,2021-11-10,基礎評鑑－全數指標通過,0,0
K5D9D6BEC0D,新北市私立小天才幼兒園,110,2021-10-05,基礎評鑑－部分指標通過,1,1
K5D9D6BEC0D,新北市私立小天才幼兒園,110,2022-12-06,追蹤評鑑－全數指標通過,0,1
KBE16335E88,新北市私立樂童幼兒園,110,2021-10-29,基礎評鑑－全數指標通過,0,0
K93EB4B0DC4,新北市私立漢華幼兒園,110,2021-10-26,基礎評鑑－全數指標通過,0,0
KF186899A9F,新北市私立凱撒琳幼兒園,110,2021-10-19,基礎評鑑－全數指標通過,0,0
K627CEE7D1E,新北市私立劍聲幼兒園,110,2021-11-03,基礎評鑑－全數指標通過,0,0
KF24686C826,新北市私立新乖乖幼兒園,110,2021-10-05,基礎評鑑－全數指標通過,0,0
K5E9F4184F6,新北市私立三愛幼兒園,110,2021-10-20,基礎評鑑－全數指標通過,0,0
K0EDAF3B93C,新北市私立三之三幼兒園,110,2021-10-15,基礎評鑑－全數指標通過,0,0
K11698E10AE,新北市私立博安幼兒園,110,2021-11-12,基礎評鑑－部分指標通過,1,1
K11698E10AE,新北市私立博安幼兒園,110,2022-11-30,追蹤評鑑－全數指標通過,0,1
KC410E64ED5,新北市私立小綠芽幼兒園,110,2021-10-22,基礎評鑑－部分指標通過,1,1
KC410E64ED5,新北市私立小綠芽幼兒園,110,2022-12-06,追蹤評鑑－全數指標通過,0,1
KC663687B70,新北市私立尼斯堡幼兒園,110,2021-10-21,基礎評鑑－全數指標通過,0,0
K7186089F7E,新北市私立培英幼兒園,110,2021-10-29,基礎評鑑－全數指標通過,0,0
KBF4D700A3D,新北市私立芯品幼兒園,110,2021-11-03,基礎評鑑－全數指標通過,0,0
KA003962A77,新北市私立巨耀幼兒園,110,2021-10-29,基礎評鑑－全數指標通過,0,0
K97CC1065CE,財團法人天主教新北市私立育新幼兒園,110,2021-10-29,基礎評鑑－全數指標通過,0,0
KB58EEB3DBD,新北市私立道欣幼兒園,110,2021-11-12,基礎評鑑－全數指標通過,0,0
K943C46FDDA,新北市私立安康幼兒園,110,2021-10-19,基礎評鑑－全數指標通過,0,0
K72C117ADA3,新北市私立芯琦幼兒園,110,2021-11-12,基礎評鑑－全數指標通過,0,0
KDC9AD6BE6A,新北市私立李氏姐妹幼兒園,110,2021-11-09,基礎評鑑－全數指標通過,0,0
KBEE2283127,康橋學校財團法人新北市康橋高級中學附屬新北市私立康橋幼兒園,110,2021-10-13,基礎評鑑－全數指標通過,0,0
KDB0BEB4130,新北市私立三民幼兒園,110,2021-10-05,基礎評鑑－全數指標通過,0,0
K5497009E21,新北市私立莘莘幼兒園,110,2021-10-08,基礎評鑑－全數指標通過,0,0
KC4B7148783,新北市私立俏媽咪幼兒園,110,2021-11-03,基礎評鑑－全數指標通過,0,0
K890A54A0BD,新北市私立心象園幼兒園,110,2021-10-07,基礎評鑑－部分指標通過,1,1
K890A54A0BD,新北市私立心象園幼兒園,110,2022-12-01,追蹤評鑑－全數指標通過,0,1
K21A352FED2,新北市私立佳恩幼兒園,110,2021-11-09,基礎評鑑－全數指標通過,0,0
KC595A8DAB7,新北市私立陽光天使幼兒園,110,2021-11-09,基礎評鑑－部分指標通過,1,1
KC595A8DAB7,新北市私立陽光天使幼兒園,110,2022-12-06,追蹤評鑑－全數指標通過,0,1
KF90936AEDC,財團法人中華民國佛教慈濟慈善事業基金會附設新北市私立臺北大愛幼兒園,110,2021-10-26,基礎評鑑－全數指標通過,0,0
K4118B7676B,新北市私立優時代幼兒園,110,2021-10-12,基礎評鑑－全數指標通過,0,0
K9EC2434A56,新北市私立禾米國際幼兒園,110,2021-11-04,基礎評鑑－全數指標通過,0,0
K5BDC0C740F,新北市安興非營利幼兒園(委託財團法人仁德醫護管理專科學校辦理),110,2021-10-20,基礎評鑑－全數指標通過,0,0
KC0365E3036,新北市文中非營利幼兒園（委託社團法人臺灣澄芽全人文教發展協會辦理）,113,2024-10-11,基礎評鑑－全數指標通過,0,0
K66BDE006C3,新北市坪林區坪林國民小學附設幼兒園,110,2021-10-14,基礎評鑑－全數指標通過,0,0
K0A91B68E94,新北市立坪林實驗國民中學附設幼兒園,111,2022-11-04,基礎評鑑－全數指標通過,0,0
KFFB5992E63,新北市立烏來國民中小學附設幼兒園,110,2021-10-06,基礎評鑑－全數指標通過,0,0
KB8DA77D73E,新北市立德拉楠民族實驗小學附設幼兒園,110,2021-10-05,基礎評鑑－全數指標通過,0,0
K2A5FEBAD1B,新北市立烏來幼兒園,110,2021-10-06,基礎評鑑－全數指標通過,0,0
KB40ECDBC4A,新北市永和區秀朗國民小學附設幼兒園,113,2024-10-30,基礎評鑑－全數指標通過,0,0
K64A8FEC29D,新北市永和區永平國民小學附設幼兒園,113,2024-11-07,基礎評鑑－全數指標通過,0,0
KFF5DB2E2EE,新北市永和區永和國民小學附設幼兒園,113,2024-10-07,基礎評鑑－全數指標通過,0,0
K6155EC452E,新北市永和區頂溪國民小學附設幼兒園,113,2024-11-07,基礎評鑑－全數指標通過,0,0
K3BF64ABD66,新北市永和區網溪國民小學附設幼兒園,113,2024-10-22,基礎評鑑－全數指標通過,0,0
KEADA018A29,新北市立福和國民中學附設幼兒園,113,2024-10-07,基礎評鑑－全數指標通過,0,0
K51354C14E5,新北市立永和幼兒園,113,2024-09-24,基礎評鑑－全數指標通過,0,0
K2A72542E10,新北市立永和幼兒園博愛分班,113,2024-10-08,基礎評鑑－全數指標通過,0,0
K48B47ADDB0,新北市立永和幼兒園忠孝分班,113,2024-10-08,基礎評鑑－全數指標通過,0,0
K1092BBEA0E,新北市立永和幼兒園保生分班,113,2024-10-01,基礎評鑑－全數指標通過,0,0
K9B31423088,新北市立永和幼兒園民生分班,113,2024-09-24,基礎評鑑－全數指標通過,0,0
KDA0F6C4319,新北市私立新新幼兒園,113,2024-11-04,基礎評鑑－部分指標通過,1,1
KDA0F6C4319,新北市私立新新幼兒園,113,2025-11-26,追蹤評鑑－全數指標通過,0,1
K33C9FF96AB,新北市私立合安幼兒園,113,2024-10-25,基礎評鑑－全數指標通過,0,0
K971CDDDF04,新北市私立永佳幼兒園,113,2024-10-01,基礎評鑑－全數指標通過,0,0
K5AD9AB8E14,新北市私立文揚幼兒園,113,2024-10-07,基礎評鑑－全數指標通過,0,0
KECA32F0D42,新北市私立親親幼兒園,113,2024-10-25,基礎評鑑－全數指標通過,0,0
K77A6887E1F,新北市私立比弗利幼兒園,113,2024-09-23,基礎評鑑－全數指標通過,0,0
KA08AA45639,新北市私立育苗幼兒園,113,2024-10-28,基礎評鑑－全數指標通過,0,0
KC8A6E2B9B9,新北市私立翰尼永和幼兒園,113,2024-11-06,基礎評鑑－全數指標通過,0,0
KB67F7D4E82,新北市私立新惠幼幼兒園,113,2024-10-17,基礎評鑑－全數指標通過,0,0
KC92DF160F8,新北市私立新惠幼幼兒園保安分班,113,2024-10-17,基礎評鑑－全數指標通過,0,0
K430439D660,新北市私立新七賢幼兒園,113,2024-10-17,基礎評鑑－全數指標通過,0,0
K1A6A9E7E81,新北市私立畝心屋沐和幼兒園,113,2024-09-27,基礎評鑑－全數指標通過,0,0
K32906DB5F6,新北市私立卡兒堡幼兒園,113,2024-11-07,基礎評鑑－全數指標通過,0,0
KA5803E844E,新北市私立微笑太陽幼兒園,113,2024-10-23,基礎評鑑－全數指標通過,0,0
KC3F4793BD9,新北市私立喬幼國際幼兒園,113,2024-10-18,基礎評鑑－全數指標通過,0,0
KE6EC2B651B,新北市私立民華幼兒園,113,2024-09-23,基礎評鑑－全數指標通過,0,0
K4C7EDEDE90,新北市私立荳荳幼兒園,113,2024-11-01,基礎評鑑－全數指標通過,0,0
KD503432620,新北市私立永達幼兒園,113,2024-10-28,基礎評鑑－全數指標通過,0,0
K970C10A5A4,新北市私立新佳美幼兒園,113,2024-11-07,基礎評鑑－全數指標通過,0,0
K47E84EE39D,新北市私立何嘉仁得和幼兒園,113,2024-09-24,基礎評鑑－全數指標通過,0,0
K643FA7CEDB,新北市私立野聲幼兒園,113,2024-11-01,基礎評鑑－部分指標通過,1,1
K643FA7CEDB,新北市私立野聲幼兒園,113,2025-11-28,追蹤評鑑－全數指標通過,0,1
K0C9693B265,新北市私立巨堡幼兒園,113,2024-10-16,基礎評鑑－全數指標通過,0,0
K7C82FBC3D7,新北市私立奧爾仕幼兒園,113,2024-11-04,基礎評鑑－全數指標通過,0,0
KBBFB15622F,新北市私立巧可麗雙和幼兒園,113,2024-10-30,基礎評鑑－全數指標通過,0,0
K314A3AB402,財團法人新北市私立及人國民小學附設新北市私立幼兒園,113,2024-10-21,基礎評鑑－全數指標通過,0,0
K08D857233C,新北市私立喬合幼兒園,113,2024-10-25,基礎評鑑－全數指標通過,0,0
K57DA727AE5,新北市私立佳樂幼兒園,113,2024-10-24,基礎評鑑－全數指標通過,0,0
K47F863DC77,新北市私立嘉樂幼兒園,113,2024-10-18,基礎評鑑－全數指標通過,0,0
K2B8EA28183,新北市私立安迪芬幼兒園,114,2025-11-03,基礎評鑑－全數指標通過,0,0
KBC8913E076,新北市私立艾瑞克幼兒園,113,2024-09-27,基礎評鑑－全數指標通過,0,0
K9A6EA4B2D4,新北市私立培賢幼兒園,113,2024-10-09,基礎評鑑－全數指標通過,0,0
K3A1753787A,新北市私立幼學館幼兒園,113,2024-10-30,基礎評鑑－全數指標通過,0,0
K3FFEB88992,財團法人新北市私立竹林國民小學附設幼兒園,113,2024-10-29,基礎評鑑－全數指標通過,0,0
KCBA9F1B433,新北市私立幼森幼兒園,113,2024-10-25,基礎評鑑－全數指標通過,0,0
K27527E4C73,小太陽教育事業股份有限公司附設新北市私立小太陽美學幼兒園,113,2024-10-01,基礎評鑑－部分指標通過,1,1
K27527E4C73,小太陽教育事業股份有限公司附設新北市私立小太陽美學幼兒園,113,2025-07-15,追蹤評鑑－全數指標通過,0,1
K50876C4286,新北市私立快樂瑪麗安葳森幼兒園,113,2024-10-09,基礎評鑑－部分指標通過,1,1
K50876C4286,新北市私立快樂瑪麗安葳森幼兒園,113,2025-11-28,追蹤評鑑－全數指標通過,0,1
KFAEC4B3469,新北市私立巧可麗幼兒園,113,2024-10-29,基礎評鑑－全數指標通過,0,0
KB681BDBFAE,新北市私立中中幼兒園,113,2024-11-06,基礎評鑑－全數指標通過,0,0
K82A9EFD3BD,新北市私立七賢幼兒園,113,2024-10-17,基礎評鑑－全數指標通過,0,0
K32A205B742,育才學校財團法人新北市私立育才國民小學附設幼兒園,113,2024-11-01,基礎評鑑－全數指標通過,0,0
KDBCE05450A,新北市私立秀明幼兒園,113,2024-10-30,基礎評鑑－全數指標通過,0,0
K6C31AB6490,新北市私立安迪生幼兒園,113,2024-10-16,基礎評鑑－全數指標通過,0,0
K7B5540129E,新北市私立育圃幼兒園,113,2024-10-18,基礎評鑑－全數指標通過,0,0
K1A38AE9BCB,新北市私立藍天永和幼兒園,113,2024-09-30,基礎評鑑－全數指標通過,0,0
KD21645E29B,新北市私立宏幼幼兒園,113,2024-10-07,基礎評鑑－全數指標通過,0,0
K9FC757ADA1,新北市私立傳動幼兒園,113,2024-11-07,基礎評鑑－部分指標通過,1,1
K9FC757ADA1,新北市私立傳動幼兒園,113,2025-11-24,追蹤評鑑－全數指標通過,0,1
KBB94C16D0F,新北市私立淯馨幼兒園,113,2024-11-01,基礎評鑑－全數指標通過,0,0
K91BEB603F6,新北市私立三暉幼兒園,113,2024-10-24,基礎評鑑－部分指標通過,1,1
K91BEB603F6,新北市私立三暉幼兒園,113,2025-11-26,追蹤評鑑－全數指標通過,0,1
KDD826D2227,新北市育平非營利幼兒園（委託財團法人彭婉如文教基金會辦理）,113,2024-10-17,基礎評鑑－全數指標通過,0,0
KA7D64C1378,新北市中和區景新國民小學附設幼兒園,113,2024-10-25,基礎評鑑－全數指標通過,0,0
K707FFC755D,新北市中和區興南國民小學附設幼兒園,113,2024-09-26,基礎評鑑－全數指標通過,0,0
KBF28042D50,新北市中和區復興國民小學附設幼兒園,113,2024-09-27,基礎評鑑－全數指標通過,0,0
K6CAE8696AA,新北市中和區秀山國民小學附設幼兒園,113,2024-10-25,基礎評鑑－全數指標通過,0,0
K73EFA43EEA,新北市中和區自強國民小學附設幼兒園,113,2024-10-23,基礎評鑑－全數指標通過,0,0
KF61400F326,新北市中和區光復國民小學附設幼兒園,113,2024-10-04,基礎評鑑－全數指標通過,0,0
KC7B4BBF4E3,新北市中和區中和國民小學附設幼兒園,113,2024-10-30,基礎評鑑－全數指標通過,0,0
K1621F08E4B,新北市中和區積穗國民小學附設幼兒園,113,2024-10-04,基礎評鑑－全數指標通過,0,0
KB822FF3AB6,新北市中和區錦和國民小學附設幼兒園,113,2024-09-27,基礎評鑑－全數指標通過,0,0
K4FBB3440AB,新北市立中和幼兒園,113,2024-10-29,基礎評鑑－全數指標通過,0,0
K08F4B3A5FE,新北市立中和幼兒園飛駝分班,113,2024-10-29,基礎評鑑－全數指標通過,0,0
K2567289C79,新北市立中和幼兒園慈光分班,113,2024-11-05,基礎評鑑－全數指標通過,0,0
K21AEC6250D,新北市立中和幼兒園碧湖分班,113,2024-11-05,基礎評鑑－全數指標通過,0,0
K8B84F4F279,新北市立漳和國民中學附設幼兒園,113,2024-10-30,基礎評鑑－全數指標通過,0,0
K7FB2C53CDA,新北市立自強國民中學附設幼兒園,113,2024-10-23,基礎評鑑－全數指標通過,0,0
K1550F0CB46,新北市立中和國民中學附設幼兒園,113,2024-09-26,基礎評鑑－全數指標通過,0,0
K73E2D735AF,新北市私立布朗尼幼兒園,113,2024-09-27,基礎評鑑－全數指標通過,0,0
KC634D319F0,新北市私立新時代幼兒園,113,2024-10-17,基礎評鑑－全數指標通過,0,0
KD39D6D26BD,新北市私立景新幼兒園,113,2024-11-01,基礎評鑑－全數指標通過,0,0
KD6E948710C,新北市私立兆元幼兒園,113,2024-10-22,基礎評鑑－部分指標通過,1,1
KD6E948710C,新北市私立兆元幼兒園,113,2025-11-28,追蹤評鑑－全數指標通過,0,1
K8F785A517F,新北市私立安安堡幼兒園,113,2024-11-01,基礎評鑑－全數指標通過,0,0
K6273D9ADB4,新北市私立貝吉堡幼兒園,113,2024-09-25,基礎評鑑－部分指標通過,1,1
K6273D9ADB4,新北市私立貝吉堡幼兒園,113,2025-11-24,追蹤評鑑－全數指標通過,0,1
K9CDCC4A94A,新北市私立椰林幼兒園,113,2024-11-04,基礎評鑑－全數指標通過,0,0
K586CD570BE,新北市私立中仁幼兒園,113,2024-10-28,基礎評鑑－全數指標通過,0,0
K7BD3512809,新北市私立春池幼兒園,113,2024-10-18,基礎評鑑－全數指標通過,0,0
KE10B2B3BCB,新北市私立民德義泉幼兒園,113,2024-10-24,基礎評鑑－全數指標通過,0,0
KE4FA9EF42D,財團法人新北市私立竹林高級中學附設新北市私立竹林幼兒園,113,2024-09-26,基礎評鑑－全數指標通過,0,0
KC2CAEC66AC,新北市私立成真幼兒園,113,2024-10-22,基礎評鑑－全數指標通過,0,0
K946CF0F5FB,新北市私立芫銘幼兒園,113,2024-11-04,基礎評鑑－全數指標通過,0,0
KD158441EF7,新北市私立真理蒙特梭利幼兒園,113,2024-11-07,基礎評鑑－全數指標通過,0,0
KF025D04584,新北市私立巨星幼兒園,113,2024-10-23,基礎評鑑－部分指標通過,1,1
KF025D04584,新北市私立巨星幼兒園,113,2025-11-24,追蹤評鑑－全數指標通過,0,1
KD87772CCE5,新北市私立新天地國際蒙特梭利幼兒園,113,2024-09-30,基礎評鑑－部分指標通過,1,1
KD87772CCE5,新北市私立新天地國際蒙特梭利幼兒園,113,2025-11-24,追蹤評鑑－全數指標通過,0,1
K190905C24D,新北市私立中和松柏幼兒園,113,2024-10-04,基礎評鑑－全數指標通過,0,0
K22A891A515,新北市私立偉恩幼兒園,113,2024-10-24,基礎評鑑－部分指標通過,1,1
K22A891A515,新北市私立偉恩幼兒園,113,2025-11-24,追蹤評鑑－全數指標通過,0,1
K087FF162C5,新北市私立弘儒幼兒園,113,2024-09-30,基礎評鑑－全數指標通過,0,0
KE0ADA8FCBA,新北市私立沐野幼兒園,113,2024-09-23,基礎評鑑－全數指標通過,0,0
K89BBE1DE52,新北市私立連城幼兒園,113,2024-10-24,基礎評鑑－全數指標通過,0,0
K57ACAE2FC0,新北市私立勝利幼兒園,113,2024-10-25,基礎評鑑－全數指標通過,0,0
K76BCB9AC58,新北市私立格林幼兒園,113,2024-10-18,基礎評鑑－全數指標通過,0,0
K451AD7CD0F,新北市私立普林斯頓幼兒園,113,2024-10-21,基礎評鑑－全數指標通過,0,0
KE65D3E7EC8,新北市私立華人幼兒園,113,2024-10-09,基礎評鑑－全數指標通過,0,0
K43CF89AF84,新北市私立佳南幼兒園,113,2024-11-07,基礎評鑑－全數指標通過,0,0
KDF604CED25,新北市私立育才幼兒園,113,2024-09-30,基礎評鑑－部分指標通過,1,1
KDF604CED25,新北市私立育才幼兒園,113,2025-11-24,追蹤評鑑－全數指標通過,0,1
KDABE9F2532,新北市私立日光幼兒園,113,2024-10-28,基礎評鑑－全數指標通過,0,0
K8CCD4D19BE,新北市私立創意蘋果幼兒園,113,2024-10-15,基礎評鑑－全數指標通過,0,0
KE20881DB65,新北市私立底格里思幼兒園,113,2024-10-25,基礎評鑑－全數指標通過,0,0
K787348E85A,新北市私立嘉煌幼兒園,113,2024-10-14,基礎評鑑－全數指標通過,0,0
K7679CE4F3D,新北市私立迪仕尼幼兒園,113,2024-09-26,基礎評鑑－全數指標通過,0,0
K7095CDD735,南山學校財團法人新北市南山高級中學附設私立員工幼兒園,113,2024-10-17,基礎評鑑－全數指標通過,0,0
K86F54DE7E6,新北市私立嘉嘉幼兒園,113,2024-09-24,基礎評鑑－全數指標通過,0,0
K361AE845DF,新北市私立實踐幼兒園,113,2024-10-21,基礎評鑑－全數指標通過,0,0
K2B71C96F48,新北市私立巧可麗巧新幼兒園,113,2024-10-23,基礎評鑑－全數指標通過,0,0
K8284E799A6,新北市私立弘恩幼兒園,113,2024-10-15,基礎評鑑－全數指標通過,0,0
KA4C0FFD38C,新北市私立育心寶貝幼兒園,113,2024-09-25,基礎評鑑－全數指標通過,0,0
K30C037C68B,新北市私立景光幼兒園,113,2024-10-08,基礎評鑑－全數指標通過,0,0
KD38974C4F4,新北市私立安欣幼兒園,113,2024-10-04,基礎評鑑－全數指標通過,0,0
KDE9BBCA86E,新北市私立欣明幼兒園,113,2024-10-15,基礎評鑑－全數指標通過,0,0
K719BCE427C,新北市私立奧林匹克幼兒園,113,2024-10-24,基礎評鑑－全數指標通過,0,0
KA962A1A9F7,新北市私立白兔幼兒園,113,2024-11-01,基礎評鑑－全數指標通過,0,0
K3E40793122,新北市私立民治園幼兒園,113,2024-09-27,基礎評鑑－全數指標通過,0,0
KF0122015EA,新北市私立忠合幼兒園,113,2024-10-04,基礎評鑑－全數指標通過,0,0
K7D977A4D4E,新北市私立逸德幼兒園,113,2024-09-30,基礎評鑑－全數指標通過,0,0
K1E3EBE08F2,新北市私立永愛幼兒園,113,2024-10-04,基礎評鑑－全數指標通過,0,0
K1DDF2B40D7,新北市私立安特幼兒園,113,2024-11-01,基礎評鑑－全數指標通過,0,0
K447F9C4A9A,新北市私立茁壯園中和幼兒園,113,2024-10-28,基礎評鑑－部分指標通過,1,1
K447F9C4A9A,新北市私立茁壯園中和幼兒園,113,2025-11-24,追蹤評鑑－全數指標通過,0,1
KE61DF46FEE,新北市私立景平幼兒園,113,2024-10-08,基礎評鑑－全數指標通過,0,0
K21A43D6666,新北市私立森堡幼兒園,113,2024-09-30,基礎評鑑－部分指標通過,1,1
K21A43D6666,新北市私立森堡幼兒園,113,2025-11-26,追蹤評鑑－全數指標通過,0,1
KC0B6DA53BB,新北市私立辰修幼兒園,113,2024-09-27,基礎評鑑－全數指標通過,0,0
KF19E0F124F,新北市私立小博士幼兒園,113,2024-10-21,基礎評鑑－部分指標通過,1,1
KF19E0F124F,新北市私立小博士幼兒園,113,2025-11-24,追蹤評鑑－全數指標通過,0,1
KAF3DFA8F6E,新北市私立華登幼兒園,113,2024-10-23,基礎評鑑－全數指標通過,0,0
KBE319CF53A,新北市私立福樂幼兒園,113,2024-09-23,基礎評鑑－全數指標通過,0,0
K6DA7696008,新北市私立時代幼兒園,113,2024-10-17,基礎評鑑－全數指標通過,0,0
KE3E1252D31,新北市私立民治藝術幼兒園,113,2024-09-27,基礎評鑑－全數指標通過,0,0
KE56EABA4DD,新北市私立謙禧幼兒園,113,2024-10-14,基礎評鑑－部分指標通過,1,1
KE56EABA4DD,新北市私立謙禧幼兒園,113,2025-11-24,追蹤評鑑－全數指標通過,0,1
K5F4356EF0B,新北市私立實踐菁英幼兒園,113,2024-10-21,基礎評鑑－全數指標通過,0,0
KA89D1A25C9,新北市私立慈德幼兒園,113,2024-11-05,基礎評鑑－全數指標通過,0,0
KD01E40E5AC,新北市私立宏仁蒙特梭利幼兒園,113,2024-11-07,基礎評鑑－全數指標通過,0,0
KCBE7C40E5E,新北市私立慈祐幼兒園,113,2024-11-05,基礎評鑑－全數指標通過,0,0
K613EF42A9E,新北市私立禾芮幼兒園,113,2024-10-15,基礎評鑑－全數指標通過,0,0
K15CCE45A4E,新北市山北非營利幼兒園（委託財團法人三之三生命教育基金會辦理）,113,2024-09-26,基礎評鑑－全數指標通過,0,0
K8D89087028,新北市積穗非營利幼兒園(委託財團法人三之三生命教育基金會辦理),113,2024-09-26,基礎評鑑－全數指標通過,0,0
KC27DA49CC7,國防部陸軍司令部前鋒員工子女非營利幼兒園（委託社團法人中華音樂舞蹈暨表演藝術教育協會辦理）,113,2024-10-24,基礎評鑑－全數指標通過,0,0
KD6A7087AF1,新北市佳和非營利幼兒園(委託康寧學校財團法人康寧大學辦理),113,2024-10-24,基礎評鑑－全數指標通過,0,0
K4E5009969B,新北市土城區土城國民小學附設幼兒園,111,2022-11-02,基礎評鑑－全數指標通過,0,0
K34710ACB74,新北市立土城國民中學附設幼兒園,111,2022-10-06,基礎評鑑－全數指標通過,0,0
KD607E49107,新北市土城區頂埔國民小學附設幼兒園,111,2022-09-28,基礎評鑑－全數指標通過,0,0
KD07380B84D,新北市土城區樂利國民小學附設幼兒園,111,2022-10-18,基礎評鑑－全數指標通過,0,0
KB87D792F25,新北市土城區廣福國民小學附設幼兒園,111,2022-10-07,基礎評鑑－全數指標通過,0,0
KB43770FFFD,新北市土城區清水國民小學附設幼兒園,111,2022-10-14,基礎評鑑－部分指標通過,1,1
KB43770FFFD,新北市土城區清水國民小學附設幼兒園,111,2023-11-23,追蹤評鑑－全數指標通過,0,1
K0423AEFA17,新北市土城區安和國民小學附設幼兒園,111,2022-10-12,基礎評鑑－全數指標通過,0,0
K0258341D2D,新北市立土城幼兒園,111,2022-10-12,基礎評鑑－全數指標通過,0,0
K3772F0519E,新北市立土城幼兒園大頂埔分班,111,2022-10-19,基礎評鑑－全數指標通過,0,0
K3F647A5A32,新北市立土城幼兒園清水分班,111,2022-10-12,基礎評鑑－全數指標通過,0,0
KEAE0B04278,新北市私立慈園幼兒園,111,2022-10-12,基礎評鑑－全數指標通過,0,0
KFA35669305,新北市私立日恩幼兒園,111,2022-11-10,基礎評鑑－部分指標通過,1,1
KFA35669305,新北市私立日恩幼兒園,111,2023-11-21,追蹤評鑑－全數指標通過,0,1
K4991299069,新北市私立詠樂幼兒園,111,2022-10-13,基礎評鑑－全數指標通過,0,0
KA841440A58,新北市私立北極星幼兒園,111,2022-10-18,基礎評鑑－部分指標通過,1,1
KA841440A58,新北市私立北極星幼兒園,111,2023-11-23,追蹤評鑑－全數指標通過,0,1
KABDA58E8C4,新北市私立華德幼兒園,111,2022-10-07,基礎評鑑－全數指標通過,0,0
K4F951F4B11,新北市私立廣福幼兒園,111,2022-10-19,基礎評鑑－全數指標通過,0,0
KE554B0DBCB,新北市私立慈霖幼兒園,111,2022-10-12,基礎評鑑－全數指標通過,0,0
K6674701B92,新北市私立永昇幼兒園,111,2022-10-06,基礎評鑑－全數指標通過,0,0
K7303A5242C,新北市私立欣和幼兒園,111,2022-11-08,基礎評鑑－全數指標通過,0,0
KB8FEB9E2CB,新北市私立新華園幼兒園,111,2022-11-02,基礎評鑑－全數指標通過,0,0
KEC63D73993,新北市私立彤恩幼兒園,111,2022-10-21,基礎評鑑－全數指標通過,0,0
KB56B1007B8,新北市私立樹德幼兒園,111,2022-10-19,基礎評鑑－部分指標通過,1,1
KB56B1007B8,新北市私立樹德幼兒園,111,2023-11-21,追蹤評鑑－全數指標通過,0,1
KC27486444E,新北市私立安佳幼兒園,111,2022-10-06,基礎評鑑－部分指標通過,1,1
KC27486444E,新北市私立安佳幼兒園,111,2023-11-21,追蹤評鑑－全數指標通過,0,1
KC61B66D722,新北市私立土農幼兒園,111,2022-10-19,基礎評鑑－全數指標通過,0,0
KE844DB2E64,新北市私立森林幼兒園,111,2022-10-07,基礎評鑑－部分指標通過,1,1
KE844DB2E64,新北市私立森林幼兒園,111,2023-11-21,追蹤評鑑－全數指標通過,0,1
K417D5C2EC3,新北市私立立新幼兒園,111,2022-09-30,基礎評鑑－全數指標通過,0,0
K0C59003CAA,新北市私立安和幼兒園,111,2022-11-10,基礎評鑑－全數指標通過,0,0
K9C1CAB34A2,新北市私立征洋幼兒園,111,2022-10-04,基礎評鑑－全數指標通過,0,0
K43FEF0C94F,新北市私立裕德幼兒園,111,2022-09-28,基礎評鑑－全數指標通過,0,0
K98AD0BED77,新北市私立名亮幼兒園,111,2022-11-02,基礎評鑑－全數指標通過,0,0
K6C85DCC525,新北市私立休士頓幼兒園,111,2022-11-03,基礎評鑑－部分指標通過,1,1
K6C85DCC525,新北市私立休士頓幼兒園,111,2023-11-23,追蹤評鑑－全數指標通過,0,1
KFFF2037F82,新北市私立金城幼兒園,111,2022-10-13,基礎評鑑－全數指標通過,0,0
K946C064712,新北市私立土城育全幼兒園,111,2022-10-20,基礎評鑑－全數指標通過,0,0
K23477F46B1,新北市私立京揚幼兒園,111,2022-10-13,基礎評鑑－全數指標通過,0,0
KA7D400F6AD,新北市私立裕德藝術幼兒園,111,2022-09-28,基礎評鑑－全數指標通過,0,0
KCE5C34E782,新北市私立全球幼兒園,111,2022-11-08,基礎評鑑－全數指標通過,0,0
KCDA86A9426,新北市私立幼強幼兒園,111,2022-10-21,基礎評鑑－全數指標通過,0,0
K6F044A94E3,新北市私立丹妮爾幼兒園,111,2022-10-07,基礎評鑑－部分指標通過,1,1
K6F044A94E3,新北市私立丹妮爾幼兒園,111,2023-11-21,追蹤評鑑－全數指標通過,0,1
KA38FCC822D,新北市私立土城名仁幼兒園,111,2022-10-18,基礎評鑑－全數指標通過,0,0
K6CDF3BF4C5,新北市私立奇士華幼兒園,111,2022-10-06,基礎評鑑－全數指標通過,0,0
K38060F0136,新北市私立延吉幼兒園,111,2022-10-13,基礎評鑑－全數指標通過,0,0
KF07BACF174,新北市私立裕民幼兒園,111,2022-10-13,基礎評鑑－全數指標通過,0,0
K546C12005C,新北市私立天翔幼兒園,111,2022-10-26,基礎評鑑－全數指標通過,0,0
KE06877D6CE,新北市私立常春藤幼兒園,111,2022-11-03,基礎評鑑－全數指標通過,0,0
K04242B6650,新北市私立米亞藝術幼兒園,111,2022-09-30,基礎評鑑－全數指標通過,0,0
KC09024B321,新北市私立吉恩幼兒園,111,2022-11-02,基礎評鑑－全數指標通過,0,0
KE519DA958B,新北市私立維多莉爾幼兒園,111,2022-10-14,基礎評鑑－全數指標通過,0,0
KDA34368526,新北市私立維多莉爾南天母幼兒園,111,2022-10-06,基礎評鑑－部分指標通過,1,1
KDA34368526,新北市私立維多莉爾南天母幼兒園,111,2023-11-23,追蹤評鑑－全數指標通過,0,1
KFB764260ED,新北市私立茁壯園幼兒園,111,2022-10-13,基礎評鑑－全數指標通過,0,0
K17A64893BC,新北市私立頂埔幼兒園,111,2022-09-28,基礎評鑑－全數指標通過,0,0
K407909D42D,新北市私立立仁幼兒園,111,2022-10-26,基礎評鑑－全數指標通過,0,0
K310B0DA9FA,新北市私立肯恩土城幼兒園,111,2022-10-20,基礎評鑑－部分指標通過,1,1
K310B0DA9FA,新北市私立肯恩土城幼兒園,111,2023-11-23,追蹤評鑑－全數指標通過,0,1
KDAEAC2A554,新北市私立凱樂幼兒園,111,2022-10-21,基礎評鑑－全數指標通過,0,0
KB632FC94F7,新北市私立高登幼兒園,111,2022-10-18,基礎評鑑－部分指標通過,1,1
KB632FC94F7,新北市私立高登幼兒園,111,2023-11-23,追蹤評鑑－全數指標通過,0,1
K902041339A,新北市私立嘉府幼兒園,111,2022-10-25,基礎評鑑－全數指標通過,0,0
KC3A4AB5128,新北市私立愛妮爾國際幼兒園,111,2022-10-07,基礎評鑑－全數指標通過,0,0
K1D873EF919,新北市私立愛迪爾國際幼兒園,111,2022-10-21,基礎評鑑－全數指標通過,0,0
K11012FEA87,新北市私立有一天幼兒園,113,2024-10-01,基礎評鑑－全數指標通過,0,0
KDF998FD925,新北市海工非營利幼兒園(委託社團法人新北市幼兒成長協會辦理),111,2022-10-25,基礎評鑑－全數指標通過,0,0
K81731FCDA3,新北市中正非營利幼兒園(委託財團法人三之三生命教育基金會辦理),111,2022-10-04,基礎評鑑－全數指標通過,0,0
K3C05920BAF,新北市立三峽國民中學附設幼兒園,114,2025-09-24,基礎評鑑－全數指標通過,0,0
K671FCBD993,新北市立安溪國民中學附設幼兒園,114,2025-10-07,基礎評鑑－全數指標通過,0,0
KB40FD95D40,新北市三峽區三峽國民小學附設幼兒園,114,2025-09-24,基礎評鑑－全數指標通過,0,0
K4F722709C9,新北市三峽區建安國民小學附設幼兒園,114,2025-10-30,基礎評鑑－全數指標通過,0,0
KC6F5A4CBDE,新北市三峽區民義國民小學附設幼兒園,114,2025-10-09,基礎評鑑－全數指標通過,0,0
KB477FF3958,新北市三峽區五寮國民小學附設幼兒園,114,2025-09-22,基礎評鑑－全數指標通過,0,0
K8CC5901358,新北市立插角森林實驗小學附設幼兒園,114,2025-09-22,基礎評鑑－全數指標通過,0,0
KEAF2518E0E,新北市三峽區介壽國民小學附設幼兒園,114,2025-10-07,基礎評鑑－全數指標通過,0,0
K02E758DC60,新北市三峽區大埔國民小學附設幼兒園,114,2025-10-09,基礎評鑑－全數指標通過,0,0
K6ACD070BAE,新北市立三峽幼兒園,114,2025-10-30,基礎評鑑－全數指標通過,0,0
KE47350C09E,新北市立三峽幼兒園中興分班,114,2025-10-29,基礎評鑑－全數指標通過,0,0
K6401E9A647,新北市立三峽幼兒園龍埔分班,114,2025-10-29,基礎評鑑－全數指標通過,0,0
K78A58F60EF,新北市私立瑪莉亞蒙特梭利幼兒園,114,2025-10-02,基礎評鑑－全數指標通過,0,0
KEF0A7CE676,新北市私立溫特爾幼兒園,114,2025-10-27,基礎評鑑－全數指標通過,0,0
KA614749434,新北市三峽區農會附設新北市私立幼兒園,114,2025-10-16,基礎評鑑－部分指標通過,1,1
KBF0D897450,新北市私立聖母幼兒園,114,2025-09-25,基礎評鑑－全數指標通過,0,0
KE74D409810,新北市私立文強幼兒園,114,2025-10-03,基礎評鑑－全數指標通過,0,0
KCC1AB16535,新北市私立快樂靜思園幼兒園,114,2025-10-16,基礎評鑑－全數指標通過,0,0
K8171DCF07F,新北市私立育全三峽幼兒園,114,2025-10-27,基礎評鑑－全數指標通過,0,0
KC09557BE7B,新北市私立小甜甜幼兒園,114,2025-10-16,基礎評鑑－全數指標通過,0,0
K19BAA2D55D,新北市私立山姆叔叔幼兒園,114,2025-09-26,基礎評鑑－全數指標通過,0,0
K7144F44D09,新北市私立佳兒幼兒園,114,2025-10-16,基礎評鑑－全數指標通過,0,0
K1F759FBA7C,新北市私立金祥慈幼兒園,114,2025-10-08,基礎評鑑－全數指標通過,0,0
K08F4617608,新北市私立童話村幼兒園,114,2025-10-22,基礎評鑑－全數指標通過,0,0
K7D6DA71B9D,新北市私立佩思幼兒園,114,2025-11-04,基礎評鑑－全數指標通過,0,0
K5C9A3C9AA9,新北市私立東北藝園幼兒園,114,2025-09-25,基礎評鑑－全數指標通過,0,0
K6F6CD55240,新北市私立啟育藝術幼兒園,114,2025-10-16,基礎評鑑－全數指標通過,0,0
K5534ACC8C4,新北市私立恆育幼兒園,114,2025-11-04,基礎評鑑－全數指標通過,0,0
K53EC5E936C,新北市私立璦俐兒幼兒園,114,2025-10-22,基礎評鑑－全數指標通過,0,0
K5A6E9E2D2C,新北市私立東橙幼兒園,114,2025-10-17,基礎評鑑－全數指標通過,0,0
KAC058BBD25,新北市私立北大幼兒園,114,2025-10-08,基礎評鑑－部分指標通過,1,1
K09C2FF706D,新北市私立娃娃國幼兒園,114,2025-10-02,基礎評鑑－全數指標通過,0,0
KD97C0104FE,新北市私立童妍幼兒園,114,2025-10-03,基礎評鑑－全數指標通過,0,0
K266ABF8E96,財團法人享翔葉克膜教育基金會附設新北市私立翔耀幼兒園,114,2025-09-26,基礎評鑑－全數指標通過,0,0
KB573503614,清福長照社團法人附設新北市私立清福幼兒園,113,2024-10-18,基礎評鑑－全數指標通過,0,0
KB01C06EA06,新北市私立佳宜幼兒園,113,2024-10-18,基礎評鑑－全數指標通過,0,0
K54E0E6A4A2,新北市龍埔成長非營利幼兒園(委託財團法人成長文教基金會辦理),114,2025-09-25,基礎評鑑－全數指標通過,0,0
K2415A70C05,新北市安溪非營利幼兒園(委託社團法人桃園市教保服務人員協會辦理),114,2025-10-23,基礎評鑑－全數指標通過,0,0
K25B89B6B3E,新北市漢翔非營利幼兒園(委託財團法人三之三生命教育基金會辦理),114,2025-09-23,基礎評鑑－全數指標通過,0,0
KD3830F6D52,新北市北大非營利幼兒園(委託明新學校財團法人明新科技大學辦理),114,2025-10-23,基礎評鑑－全數指標通過,0,0
KF984F05B3B,新北市中園非營利幼兒園(委託財團法人成長文教基金會辦理),114,2025-09-25,基礎評鑑－全數指標通過,0,0
K80E1F29C88,國家教育研究院員工子女非營利幼兒園(委託財團法人彭婉如文教基金會辦理),113,2024-10-01,基礎評鑑－全數指標通過,0,0
KF96D68CF7E,新北市樹林區山佳國民小學附設幼兒園,114,2025-10-14,基礎評鑑－全數指標通過,0,0
KAFB200F5AD,新北市樹林區育德國民小學附設幼兒園,114,2025-10-02,基礎評鑑－全數指標通過,0,0
KDDAE2199CF,新北市樹林區武林國民小學附設幼兒園,114,2025-09-25,基礎評鑑－全數指標通過,0,0
KD4460A95D6,新北市樹林區文林國民小學附設幼兒園,114,2025-10-14,基礎評鑑－全數指標通過,0,0
K9F78AE6B05,新北市樹林區樹林國民小學附設幼兒園,114,2025-09-26,基礎評鑑－全數指標通過,0,0
KD21C948D88,新北市樹林區大同國民小學附設幼兒園,114,2025-09-26,基礎評鑑－全數指標通過,0,0
KB36A3D671E,新北市樹林區彭福國民小學附設幼兒園,114,2025-10-14,基礎評鑑－全數指標通過,0,0
KC17C34F50D,新北市樹林區三多國民小學附設幼兒園,114,2025-09-25,基礎評鑑－全數指標通過,0,0
K4239C14539,新北市立樹林幼兒園,114,2025-10-01,基礎評鑑－全數指標通過,0,0
K920E64E440,新北市立樹林幼兒園山佳分班,114,2025-10-08,基礎評鑑－全數指標通過,0,0
KEAD5E60C46,新北市立樹林幼兒園彭厝分班,114,2025-10-01,基礎評鑑－全數指標通過,0,0
K333CF21348,新北市立樹林幼兒園圳安分班,114,2025-10-08,基礎評鑑－全數指標通過,0,0
K59BAB17602,新北市立柑園國民中學附設幼兒園,114,2025-10-02,基礎評鑑－全數指標通過,0,0
KAF302FF225,新北市樹林區育林國民小學附設幼兒園,114,2025-10-14,基礎評鑑－全數指標通過,0,0
K0026952B59,新北市私立建丞幼兒園,114,2025-10-21,基礎評鑑－全數指標通過,0,0
K108385E21E,新北市私立文林幼兒園,114,2025-09-22,基礎評鑑－全數指標通過,0,0
K4E9A9841F1,新北市私立澄品幼兒園,114,2025-10-01,基礎評鑑－全數指標通過,0,0
K32520CCCA5,財團法人新北市私立張方大慈善事業基金會附設新北市私立士箱幼兒園,114,2025-09-25,基礎評鑑－全數指標通過,0,0
K0DAFCB91AC,新北市私立冠軍幼兒園,114,2025-10-23,基礎評鑑－全數指標通過,0,0
K01EC526C6E,新北市私立劍聲樹林幼兒園,114,2025-10-02,基礎評鑑－全數指標通過,0,0
KA31CEFB411,新北市私立博智幼兒園,114,2025-11-04,基礎評鑑－部分指標通過,1,1
KDCFE384C5C,新北市私立育安幼兒園,114,2025-10-28,基礎評鑑－全數指標通過,0,0
KDB2DA3D359,新北市私立樹林育林幼兒園,114,2025-09-25,基礎評鑑－全數指標通過,0,0
KE40A4B905E,新北市私立柏克萊幼兒園,114,2025-10-01,基礎評鑑－全數指標通過,0,0
K7E0AD5160E,新北市私立迴龍幼兒園,114,2025-10-23,基礎評鑑－全數指標通過,0,0
K6B1C1FF633,新北市私立喬中幼兒園,114,2025-09-22,基礎評鑑－全數指標通過,0,0
KDAFE3CD73F,新北市私立名欣幼兒園,114,2025-10-21,基礎評鑑－全數指標通過,0,0
KD7851CEE7A,新北市私立艾維恩幼兒園,114,2025-09-30,基礎評鑑－全數指標通過,0,0
KDD8E871C50,新北市私立育安園幼兒園,114,2025-10-28,基礎評鑑－全數指標通過,0,0
K718EC1DEB8,新北市私立育全保安幼兒園,114,2025-11-04,基礎評鑑－全數指標通過,0,0
KD0533A6CEE,新北市私立雅立福幼兒園,114,2025-10-23,基礎評鑑－全數指標通過,0,0
K195335E228,新北市私立企鵝家族幼兒園,114,2025-10-14,基礎評鑑－全數指標通過,0,0
K08DEE8FADF,財團法人新北市樹林基督長老教會附設新北市私立牧人幼兒園,114,2025-10-02,基礎評鑑－全數指標通過,0,0
K9F2F04A0DB,新北市私立富雅幼兒園,114,2025-09-30,基礎評鑑－全數指標通過,0,0
K40A9FEF036,新北市私立奇異鳥米蘭幼兒園,114,2025-11-04,基礎評鑑－全數指標通過,0,0
KFC78531D74,新北市私立名人幼兒園,114,2025-11-04,基礎評鑑－全數指標通過,0,0
K6FB4ACD020,新北市私立鑫立群幼兒園,114,2025-09-25,基礎評鑑－全數指標通過,0,0
K239DA25165,新北市私立立群幼兒園,114,2025-09-25,基礎評鑑－全數指標通過,0,0
K09520CE0EE,新北市私立快樂地幼兒園,114,2025-10-14,基礎評鑑－部分指標通過,1,1
K6FD2D5D49E,財團法人天主教會台北教區附設新北市私立聖言幼兒園,114,2025-10-02,基礎評鑑－全數指標通過,0,0
K1FFBB8D8FE,新北市私立福祿貝爾大有幼兒園,113,2024-10-08,基礎評鑑－部分指標通過,1,1
K1FFBB8D8FE,新北市私立福祿貝爾大有幼兒園,113,2025-11-26,追蹤評鑑－全數指標通過,0,1
K85472E1C20,新北市私立珈和幼兒園,113,2024-10-08,基礎評鑑－全數指標通過,0,0
KBDDA1A2637,新北市三多非營利幼兒園(委託社團法人中華巧耕多元教育發展協會辦理),114,2025-10-02,基礎評鑑－全數指標通過,0,0
KE64497C5B3,新北市桃子腳非營利幼兒園(委託財團法人三之三生命教育基金會辦理),114,2025-09-23,基礎評鑑－全數指標通過,0,0
K8EB5975D8F,新北市立鶯歌國民中學附設幼兒園,110,2021-10-27,基礎評鑑－全數指標通過,0,0
K59B561D241,新北市立鳳鳴國民中學附設幼兒園,110,2021-10-08,基礎評鑑－部分指標通過,1,1
K59B561D241,新北市立鳳鳴國民中學附設幼兒園,110,2022-12-02,追蹤評鑑－全數指標通過,0,1
KE440932309,新北市立尖山國民中學附設幼兒園,110,2021-10-20,基礎評鑑－全數指標通過,0,0
KC752C99C56,新北市鶯歌區二橋國民小學附設幼兒園,110,2021-10-28,基礎評鑑－全數指標通過,0,0
KE9ABBA87F8,新北市鶯歌區鳳鳴國民小學附設幼兒園,110,2021-10-08,基礎評鑑－全數指標通過,0,0
K8B9CF44CC8,新北市鶯歌區中湖國民小學附設幼兒園,110,2021-10-07,基礎評鑑－全數指標通過,0,0
K1C3BC2DE90,新北市鶯歌區鶯歌國民小學附設幼兒園,110,2021-11-05,基礎評鑑－全數指標通過,0,0
K89BD2CBAF2,新北市鶯歌區永吉國民小學附設幼兒園,110,2021-10-14,基礎評鑑－全數指標通過,0,0
KB3D4DB300C,新北市鶯歌區建國國民小學附設幼兒園,110,2021-10-15,基礎評鑑－全數指標通過,0,0
K35E302DBA5,新北市立鶯歌幼兒園,110,2021-10-07,基礎評鑑－全數指標通過,0,0
K32CF7EE7B4,新北市私立學詮幼兒園,110,2021-10-14,基礎評鑑－全數指標通過,0,0
K9769DD51A0,新北市私立愛迪生幼兒園,110,2021-10-27,基礎評鑑－部分指標通過,1,1
K9769DD51A0,新北市私立愛迪生幼兒園,110,2022-12-01,追蹤評鑑－全數指標通過,0,1
K42AA7DA822,新北市私立長青幼兒園,110,2021-10-27,基礎評鑑－全數指標通過,0,0
KC97422B70C,新北市私立及仁幼兒園,112,2023-11-02,基礎評鑑－部分指標通過,1,1
KC97422B70C,新北市私立及仁幼兒園,112,2024-11-20,追蹤評鑑－全數指標通過,0,1
K6DB53EF421,新北市私立朱徠德幼兒園,110,2021-10-27,基礎評鑑－全數指標通過,0,0
K4591060D12,新北市私立山姆幼兒園,110,2021-10-20,基礎評鑑－全數指標通過,0,0
KDFF8476D93,新北市私立康乃爾幼兒園,110,2021-11-05,基礎評鑑－全數指標通過,0,0
K2371DA0A50,新北市私立宏修幼兒園,110,2021-10-26,基礎評鑑－部分指標通過,1,1
K2371DA0A50,新北市私立宏修幼兒園,110,2022-12-01,追蹤評鑑－全數指標通過,0,1
KD6B53D07F8,新北市私立育全鶯歌幼兒園,110,2021-10-28,基礎評鑑－全數指標通過,0,0
KF3C5A5E7E0,新北市私立鶯歌芝麻村幼兒園,110,2021-10-15,基礎評鑑－全數指標通過,0,0
KF282B6C913,新北市私立宏鶯幼兒園,110,2021-11-12,基礎評鑑－部分指標通過,1,1
KF282B6C913,新北市私立宏鶯幼兒園,110,2022-12-02,追蹤評鑑－全數指標通過,0,1
K3FFA3D5C1B,新北市私立精英國際幼兒園,111,2022-10-21,基礎評鑑－全數指標通過,0,0
K633CC054A3,新北市昌福非營利幼兒園（委託明新學校財團法人明新科技大學辦理）,110,2021-11-12,基礎評鑑－全數指標通過,0,0
KACE95911C9,新北市三重區光興國民小學附設幼兒園,114,2025-10-21,基礎評鑑－全數指標通過,0,0
K0D74748F5D,新北市三重區三光國民小學附設幼兒園,114,2025-10-21,基礎評鑑－全數指標通過,0,0
KF78CA315A6,新北市三重區碧華國民小學附設幼兒園,114,2025-10-03,基礎評鑑－部分指標通過,1,1
K23562A2506,新北市三重區興穀國民小學附設幼兒園,114,2025-10-13,基礎評鑑－全數指標通過,0,0
KF8B7F2074C,新北市三重區二重國民小學附設幼兒園,114,2025-10-15,基礎評鑑－全數指標通過,0,0
KF35B91096B,新北市三重區三重國民小學附設幼兒園,114,2025-09-30,基礎評鑑－全數指標通過,0,0
KD812363456,新北市三重區正義國民小學附設幼兒園,114,2025-09-30,基礎評鑑－全數指標通過,0,0
K921EDFA71F,新北市三重區五華國民小學附設幼兒園,114,2025-10-03,基礎評鑑－全數指標通過,0,0
KD0E1C78217,新北市三重區修德國民小學附設幼兒園,114,2025-10-16,基礎評鑑－全數指標通過,0,0
K30516ED1CB,新北市三重區重陽國民小學附設幼兒園,114,2025-10-21,基礎評鑑－全數指標通過,0,0
K7C85904F9D,新北市三重區永福國民小學附設幼兒園,114,2025-10-15,基礎評鑑－全數指標通過,0,0
KFFAF1E24B5,新北市立明志國民中學附設幼兒園,114,2025-10-16,基礎評鑑－全數指標通過,0,0
K1659FB96D1,新北市立三和國民中學附設幼兒園,114,2025-10-15,基礎評鑑－全數指標通過,0,0
K5DB9F32D9F,新北市立三重高級中學附設幼兒園,114,2025-10-28,基礎評鑑－全數指標通過,0,0
K567B392395,新北市立三重幼兒園,114,2025-09-26,基礎評鑑－全數指標通過,0,0
K3A86FBF0CD,新北市立三重幼兒園崇德分班,114,2025-09-26,基礎評鑑－全數指標通過,0,0
K350758D934,新北市三重區厚德國民小學附設幼兒園,114,2025-10-21,基礎評鑑－全數指標通過,0,0
K64D493DC7B,新北市三重區光榮國民小學附設幼兒園,114,2025-10-31,基礎評鑑－全數指標通過,0,0
KC785288E25,新北市立碧華國民中學附設幼兒園,114,2025-10-03,基礎評鑑－全數指標通過,0,0
K762CE9A9BD,新北市立光榮國民中學附設幼兒園,114,2025-10-31,基礎評鑑－全數指標通過,0,0
K36733F897C,新北市三重區集美國民小學附設幼兒園,114,2025-10-28,基礎評鑑－全數指標通過,0,0
K2023FC2143,新北市立二重國民中學附設幼兒園,114,2025-10-15,基礎評鑑－全數指標通過,0,0
K8C7C82F947,新北市私立幼苗國際幼兒園,114,2025-09-26,基礎評鑑－全數指標通過,0,0
KDB3116B36A,新北市私立宥寶幼兒園,114,2025-09-23,基礎評鑑－全數指標通過,0,0
K32CF7F65CB,新北市私立邦喬妮幼兒園,114,2025-09-30,基礎評鑑－全數指標通過,0,0
K1E44301ED7,新北市私立安尼爾幼兒園,114,2025-10-30,基礎評鑑－全數指標通過,0,0
K39E2D69ECA,新北市私立象寶園幼兒園,114,2025-10-20,基礎評鑑－全數指標通過,0,0
K2C0C2B3AE7,新北市私立探索幼兒園,114,2025-10-28,基礎評鑑－全數指標通過,0,0
K98D0D5B042,新北市私立蘋果樹仁政幼兒園,114,2025-09-24,基礎評鑑－全數指標通過,0,0
KA0D069142A,新北市私立邦仁幼兒園,114,2025-10-15,基礎評鑑－全數指標通過,0,0
KCD9348B655,新北市私立啟文幼兒園,114,2025-11-05,基礎評鑑－部分指標通過,1,1
K2F6ADCA7E4,新北市私立華兒園精緻幼兒園,114,2025-10-02,基礎評鑑－全數指標通過,0,0
K05874DDED3,新北市私立上綸幼兒園,114,2025-10-17,基礎評鑑－全數指標通過,0,0
K26FA97769F,新北市私立重新幼兒園,114,2025-10-13,基礎評鑑－全數指標通過,0,0
KB27821AF0D,新北市私立夏綠蒂幼兒園,114,2025-10-22,基礎評鑑－全數指標通過,0,0
KAB119698BB,新北市私立威妮斯特堡幼兒園,114,2025-10-09,基礎評鑑－全數指標通過,0,0
K5093D88190,新北市私立勁寶兒喜星園幼兒園,114,2025-11-07,基礎評鑑－全數指標通過,0,0
KE63FE0DF63,新北市私立來來幼兒園,114,2025-09-24,基礎評鑑－全數指標通過,0,0
KA5A5219640,新北市私立肯妮斯幼兒園,114,2025-10-09,基礎評鑑－全數指標通過,0,0
K644183571F,新北市私立天鵝園幼兒園,114,2025-11-07,基礎評鑑－全數指標通過,0,0
K7935460087,新北市私立長頸鹿吉凱幼兒園,114,2025-10-13,基礎評鑑－全數指標通過,0,0
K58BDD213E8,新北市私立徠安幼兒園,114,2025-09-24,基礎評鑑－全數指標通過,0,0
K7CF9E85564,新北市私立仁慈幼兒園,114,2025-10-22,基礎評鑑－全數指標通過,0,0
K7732459ACB,新北市私立新碧華幼兒園,114,2025-09-24,基礎評鑑－全數指標通過,0,0
KCBF182EFF4,新北市私立三重忠孝幼兒園,114,2025-11-07,基礎評鑑－全數指標通過,0,0
K3F9DB76308,新北市私立東光幼兒園,114,2025-09-22,基礎評鑑－全數指標通過,0,0
KFA7D229879,新北市私立丹力幼兒園,114,2025-11-03,基礎評鑑－全數指標通過,0,0
K350B0295E3,新北市私立惠文幼兒園,114,2025-10-14,基礎評鑑－全數指標通過,0,0
K4D2AD16E47,新北市私立重愛幼兒園,114,2025-10-23,基礎評鑑－全數指標通過,0,0
KAA514EB121,新北市私立重愛幼兒園三民分班,114,2025-10-23,基礎評鑑－全數指標通過,0,0
K71F7BAB2E4,新北市私立新學林幼兒園,114,2025-10-22,基礎評鑑－全數指標通過,0,0
KB35032AB80,新北市私立鼎群幼兒園,114,2025-10-02,基礎評鑑－全數指標通過,0,0
K12377A9D26,新北市私立惠文兒童領袖幼兒園,114,2025-10-14,基礎評鑑－全數指標通過,0,0
K0AD16512D9,新北市私立艾力克幼兒園,114,2025-10-02,基礎評鑑－全數指標通過,0,0
K16B45C9C97,財團法人天主教會台北教區附設新北市私立母心幼兒園,114,2025-10-02,基礎評鑑－全數指標通過,0,0
K6F5C79B059,新北市私立復國幼兒園,114,2025-09-30,基礎評鑑－全數指標通過,0,0
K70702B5FAD,新北市私立吉德幼兒園,114,2025-10-31,基礎評鑑－全數指標通過,0,0
K65E1D7DAD9,新北市私立喬大幼兒園,114,2025-11-03,基礎評鑑－全數指標通過,0,0
KD31C7C0285,新北市私立英嘉幼兒園,114,2025-10-03,基礎評鑑－全數指標通過,0,0
K4B57478903,新北市私立甜甜幼兒園,114,2025-09-22,基礎評鑑－全數指標通過,0,0
KD72644FF30,新北市私立愛箂兒幼兒園,114,2025-09-30,基礎評鑑－全數指標通過,0,0
KE554881BEB,新北市私立強森園幼兒園,114,2025-09-23,基礎評鑑－全數指標通過,0,0
K7F1898A349,新北市私立班博士幼兒園,114,2025-10-03,基礎評鑑－全數指標通過,0,0
K5282BB6A4C,新北市私立大全幼兒園,114,2025-10-03,基礎評鑑－全數指標通過,0,0
K25BC6F140A,新北市私立育林幼兒園,114,2025-10-20,基礎評鑑－全數指標通過,0,0
KA2C164256B,新北市私立喜星園幼兒園,114,2025-11-07,基礎評鑑－全數指標通過,0,0
K2B0FB2987D,新北市私立學仕幼兒園,114,2025-10-13,基礎評鑑－全數指標通過,0,0
K9D7999A732,新北市私立藤井樹幼兒園,114,2025-10-29,基礎評鑑－全數指標通過,0,0
KC106DB84A9,新北市私立艾美樂幼兒園,114,2025-09-30,基礎評鑑－全數指標通過,0,0
KC854360A5D,新北市私立宜德幼兒園,114,2025-10-29,基礎評鑑－全數指標通過,0,0
K5859D858C7,新北市私立兒童天地幼兒園,114,2025-10-30,基礎評鑑－全數指標通過,0,0
KAE92A226A5,新北市私立吉的堡英資幼兒園,114,2025-10-03,基礎評鑑－全數指標通過,0,0
K2181162AA5,新北市私立三和幼兒園,114,2025-10-20,基礎評鑑－全數指標通過,0,0
K700CB71ED7,新北市私立茱莉亞園幼兒園,114,2025-09-26,基礎評鑑－全數指標通過,0,0
KA21C8DBE6B,新北市私立新永福幼兒園,114,2025-11-05,基礎評鑑－全數指標通過,0,0
K8465C585FC,新北市私立華納幼兒園,114,2025-09-26,基礎評鑑－全數指標通過,0,0
K1598DB1EC7,新北市私立子禕天地幼兒園,114,2025-10-17,基礎評鑑－全數指標通過,0,0
KFFE78C9E0F,新北市私立新二重幼兒園,114,2025-10-20,基礎評鑑－全數指標通過,0,0
K0184D2B4C8,新北市私立翊華三重國際幼兒園,114,2025-10-20,基礎評鑑－全數指標通過,0,0
KBE3D56F352,新北市私立加州森林國際幼兒園,114,2025-10-20,基礎評鑑－全數指標通過,0,0
K8EF892902E,新北市私立新寰宇國際幼兒園,114,2025-10-20,基礎評鑑－全數指標通過,0,0
K0C4CB2E39C,新北市私立金吉邇幼兒園,114,2025-09-26,基礎評鑑－全數指標通過,0,0
K87BF1F4F53,新北市私立富群幼兒園,113,2024-10-07,基礎評鑑－全數指標通過,0,0
K949AEF8790,品哲文化股份有限公司附設新北市私立英群幼兒園,114,2025-10-31,基礎評鑑－全數指標通過,0,0
K4574C62080,新北市碧城非營利幼兒園(委託財團法人仁德醫護管理專科學校辦理),114,2025-10-03,基礎評鑑－部分指標通過,1,1
K6E24C74FAD,新北市新莊區中港國民小學附設幼兒園,112,2023-10-02,基礎評鑑－全數指標通過,0,0
K1F6AB512C3,新北市新莊區昌隆國民小學附設幼兒園,112,2023-10-06,基礎評鑑－全數指標通過,0,0
K7F5C86B315,新北市新莊區民安國民小學附設幼兒園,112,2023-09-28,基礎評鑑－全數指標通過,0,0
K0B7EFED46F,新北市新莊區國泰國民小學附設幼兒園,112,2023-10-31,基礎評鑑－全數指標通過,0,0
K1CEDC2F5AC,新北市新莊區丹鳳國民小學附設幼兒園,112,2023-09-28,基礎評鑑－全數指標通過,0,0
K356543C50E,新北市新莊區頭前國民小學附設幼兒園,112,2023-10-02,基礎評鑑－全數指標通過,0,0
KBEF80C1F26,新北市新莊區新莊國民小學附設幼兒園,112,2023-10-02,基礎評鑑－全數指標通過,0,0
K2965EACDEB,新北市新莊區思賢國民小學附設幼兒園,112,2023-10-06,基礎評鑑－全數指標通過,0,0
K51D55812FE,新北市新莊區裕民國民小學附設幼兒園,112,2023-09-28,基礎評鑑－全數指標通過,0,0
K297398D614,新北市立新莊幼兒園,112,2023-09-25,基礎評鑑－全數指標通過,0,0
K1C023F5B5F,新北市立新莊幼兒園中心分班,112,2023-10-13,基礎評鑑－全數指標通過,0,0
KDEB81EB7A7,新北市新莊區新泰國民小學附設幼兒園,112,2023-10-06,基礎評鑑－全數指標通過,0,0
K7E60FECD7F,新北市新莊區榮富國民小學附設幼兒園,112,2023-09-26,基礎評鑑－全數指標通過,0,0
KF51ACEA530,新北市新莊區中信國民小學附設幼兒園,112,2023-09-26,基礎評鑑－全數指標通過,0,0
KC8BDD51489,新北市新莊區興化國民小學附設幼兒園,112,2023-10-31,基礎評鑑－全數指標通過,0,0
K55038FCD7C,新北市新莊區豐年國民小學附設幼兒園,112,2023-10-13,基礎評鑑－全數指標通過,0,0
K1C7414A77C,新北市新莊區光華國民小學附設幼兒園,112,2023-09-28,基礎評鑑－全數指標通過,0,0
K38C529767D,新北市立頭前國民中學附設幼兒園,112,2023-10-02,基礎評鑑－全數指標通過,0,0
KD0BA35556D,新北市立新泰國民中學附設幼兒園,112,2023-10-06,基礎評鑑－全數指標通過,0,0
KDC86D29381,新北市私立安安幼兒園,112,2023-10-19,基礎評鑑－全數指標通過,0,0
KD3D4D0180D,新北市私立維尼芽幼兒園,112,2023-10-05,基礎評鑑－全數指標通過,0,0
K7DC12C34FC,新北市私立太陽花幼兒園,112,2023-10-03,基礎評鑑－部分指標通過,1,1
K7DC12C34FC,新北市私立太陽花幼兒園,112,2024-11-21,追蹤評鑑－全數指標通過,0,1
K624E7662CC,新北市私立思源幼兒園,112,2023-10-05,基礎評鑑－部分指標通過,1,1
K624E7662CC,新北市私立思源幼兒園,112,2024-05-14,追蹤評鑑－全數指標通過,0,1
K79791C2A87,新北市私立吉尼爾幼兒園,112,2023-10-30,基礎評鑑－全數指標通過,0,0
KFC27A63E49,新北市私立生活家幼兒園,112,2023-11-09,基礎評鑑－全數指標通過,0,0
KAA2167C1C4,新北市私立悠幼幼兒園,112,2023-10-30,基礎評鑑－全數指標通過,0,0
K212C301EC6,新北市私立和智幼兒園,112,2023-10-05,基礎評鑑－全數指標通過,0,0
K4FF646C070,財團法人天主教會台北教區附設新北市私立鳴遠幼兒園,112,2023-11-07,基礎評鑑－全數指標通過,0,0
K798A7947BC,新北市私立親親袋鼠幼兒園,112,2023-10-20,基礎評鑑－全數指標通過,0,0
K94C72E5FCD,新北市私立傑安幼兒園,112,2023-10-27,基礎評鑑－全數指標通過,0,0
KAC3106E4D9,建豐國際資產管理股份有限公司附設新北市私立卡爾維德幼兒園,112,2023-11-07,基礎評鑑－全數指標通過,0,0
K20C880592E,新北市私立大世紀幼兒園,112,2023-10-23,基礎評鑑－全數指標通過,0,0
KCE3206B731,新北市私立晨光幼兒園,112,2023-11-10,基礎評鑑－全數指標通過,0,0
KC3B4028E84,新北市私立新榮富新莊幼兒園,112,2023-10-05,基礎評鑑－全數指標通過,0,0
KEB4C7059CB,新北市私立勵輝國際幼兒園,112,2023-10-05,基礎評鑑－全數指標通過,0,0
KC044C127AC,新北市私立永錡裕民幼兒園,112,2023-10-17,基礎評鑑－全數指標通過,0,0
KC672EC7978,新北市私立何嘉仁幼兒園,112,2023-10-02,基礎評鑑－全數指標通過,0,0
K06E3350E24,新北市私立勵輝幼兒園,112,2023-10-05,基礎評鑑－全數指標通過,0,0
KDAD821AD15,新北市私立傑瑞兒童村幼兒園,112,2023-10-31,基礎評鑑－全數指標通過,0,0
KAA731E5B31,新北市私立榮欣幼兒園,112,2023-11-02,基礎評鑑－全數指標通過,0,0
K3435DEFEAB,新北市私立新榮富幼兒園,112,2023-10-05,基礎評鑑－全數指標通過,0,0
KEB9B517BA2,新北市私立塏地安幼兒園,112,2023-10-26,基礎評鑑－全數指標通過,0,0
K204908609B,新北市私立文笙幼兒園,112,2023-10-20,基礎評鑑－全數指標通過,0,0
KD9E877D966,新北市私立建和幼兒園,112,2023-10-26,基礎評鑑－全數指標通過,0,0
KA47D94076F,新北市私立民生幼兒園,112,2023-10-05,基礎評鑑－全數指標通過,0,0
KEC7D5619AC,新北市私立凱達格蘭幼兒園,112,2023-10-31,基礎評鑑－全數指標通過,0,0
KD512B73DE1,新北市私立喬聖幼兒園,112,2023-10-17,基礎評鑑－全數指標通過,0,0
K43E05E5365,新北市私立惠群幼兒園,112,2023-10-26,基礎評鑑－部分指標通過,1,1
K43E05E5365,新北市私立惠群幼兒園,112,2024-05-14,追蹤評鑑－全數指標通過,0,1
KF784683FD4,新北市私立寧馨園幼兒園,112,2023-10-19,基礎評鑑－全數指標通過,0,0
KCD538254A9,新北市私立傑出幼兒園,112,2023-09-27,基礎評鑑－全數指標通過,0,0
K50329F14BE,新北市私立僑治亞頭前幼兒園,112,2023-09-27,基礎評鑑－全數指標通過,0,0
K1454B52070,新北市私立捷群幼兒園,112,2023-10-26,基礎評鑑－全數指標通過,0,0
KB75732A798,新北市私立永錡光華幼兒園,112,2023-10-24,基礎評鑑－全數指標通過,0,0
K5791113828,新北市私立幼愛幼兒園,112,2023-10-03,基礎評鑑－全數指標通過,0,0
KB0551E9C28,新北市私立欣園幼兒園,112,2023-11-07,基礎評鑑－全數指標通過,0,0
KBF0F029CBB,新北市私立榮富幼兒園,112,2023-10-02,基礎評鑑－部分指標通過,1,1
KBF0F029CBB,新北市私立榮富幼兒園,112,2024-11-21,追蹤評鑑－全數指標通過,0,1
KD37C9E0CF8,新北市私立意秋幼兒園,112,2023-10-31,基礎評鑑－全數指標通過,0,0
K172A682EBE,新北市私立格登幼兒園,112,2023-11-02,基礎評鑑－全數指標通過,0,0
K21D73B199C,新北市私立慷乃兒幼兒園,112,2023-10-19,基礎評鑑－全數指標通過,0,0
K55400DE89E,新北市私立育誠幼兒園,112,2023-10-05,基礎評鑑－全數指標通過,0,0
K05DC324D25,新北市私立青園幼兒園,112,2023-11-02,基礎評鑑－全數指標通過,0,0
KB86893382E,新北市私立永松幼兒園,112,2023-10-19,基礎評鑑－全數指標通過,0,0
K30B886FC90,新北市私立千暉幼兒園,112,2023-10-05,基礎評鑑－全數指標通過,0,0
K41519C28B2,夏恩國際教育股份有限公司附設新北市私立夏恩昌隆幼兒園,112,2023-10-17,基礎評鑑－全數指標通過,0,0
K734434977A,新北市私立健群幼兒園,112,2023-10-31,基礎評鑑－全數指標通過,0,0
K33651FE3AF,天億文教事業股份有限公司附設新北市私立皇家幼兒園,112,2023-11-03,基礎評鑑－部分指標通過,1,1
K33651FE3AF,天億文教事業股份有限公司附設新北市私立皇家幼兒園,112,2024-11-21,追蹤評鑑－全數指標通過,0,1
KE8AD530CB5,奇異莊股份有限公司附設新北市私立奇異鳥幼兒園,112,2023-10-16,基礎評鑑－部分指標通過,1,1
KE8AD530CB5,奇異莊股份有限公司附設新北市私立奇異鳥幼兒園,112,2024-11-25,追蹤評鑑－全數指標通過,0,1
K741103EE83,新北市私立宏仁幼兒園,112,2023-10-19,基礎評鑑－全數指標通過,0,0
KBBC1443FA5,新北市私立心慈幼兒園,112,2023-11-10,基礎評鑑－全數指標通過,0,0
K976D5861D9,新北市私立育全幼兒園,112,2023-09-27,基礎評鑑－全數指標通過,0,0
K1DA467A983,新北市私立僑治亞幼兒園,112,2023-09-28,基礎評鑑－全數指標通過,0,0
K21A4930550,新北市私立僑治亞幼兒園中港分班,112,2023-09-28,基礎評鑑－全數指標通過,0,0
KE0805512AB,新北市私立成德幼兒園,112,2023-09-26,基礎評鑑－全數指標通過,0,0
K094305ACA8,新北市私立惠文領袖幼兒園,112,2023-11-08,基礎評鑑－全數指標通過,0,0
K85371D9ACE,新北市私立尼爾生幼兒園,112,2023-10-27,基礎評鑑－全數指標通過,0,0
KB97E52BE04,新北市私立成功幼兒園,112,2023-11-03,基礎評鑑－全數指標通過,0,0
K9E330D9CAD,新北市私立杜克幼兒園,112,2023-11-03,基礎評鑑－全數指標通過,0,0
KFA5C6AFA88,輔仁大學學校財團法人輔仁大學附設新北市私立幼兒園,112,2023-10-20,基礎評鑑－全數指標通過,0,0
K7885C39B2B,新北市私立育誠中榮幼兒園,112,2023-10-05,基礎評鑑－全數指標通過,0,0
K37E8D5DD0C,新北市私立永錡幼兒園,112,2023-10-24,基礎評鑑－全數指標通過,0,0
KE95AD4E07B,新北市私立晨星幼兒園,112,2023-10-31,基礎評鑑－全數指標通過,0,0
K561B13FB07,新北市私立文理幼兒園,112,2023-11-02,基礎評鑑－全數指標通過,0,0
K1B0AC880EA,財團法人天主教會台北教區附設新北市私立恆毅幼兒園,112,2023-11-07,基礎評鑑－全數指標通過,0,0
KAA1AF50FFC,新北市私立新育幼幼兒園,112,2023-10-27,基礎評鑑－全數指標通過,0,0
K42CE55C894,新北市私立妙博士幼兒園,112,2023-10-04,基礎評鑑－全數指標通過,0,0
K898933A832,新北市私立福華幼兒園,112,2023-10-17,基礎評鑑－全數指標通過,0,0
K8C8716C6FF,新北市私立儒林幼兒園,112,2023-09-27,基礎評鑑－全數指標通過,0,0
K11349B0926,新北市私立及人幼兒園,112,2023-10-17,基礎評鑑－部分指標通過,1,1
K11349B0926,新北市私立及人幼兒園,112,2024-05-14,追蹤評鑑－全數指標通過,0,1
KF9AB5C475A,新北市私立惠園幼兒園,112,2023-11-03,基礎評鑑－全數指標通過,0,0
KA3B4B88CA0,新北市私立楷模幼兒園,112,2023-10-16,基礎評鑑－全數指標通過,0,0
K19C0182B77,新北市私立大鵬鳥幼兒園,112,2023-10-06,基礎評鑑－全數指標通過,0,0
KC77846D7E5,新北市私立互仁幼兒園,112,2023-10-20,基礎評鑑－全數指標通過,0,0
KF174D0DA05,新北市私立寶貝家族幼兒園,112,2023-10-04,基礎評鑑－全數指標通過,0,0
K4B3E802032,新北市私立民安幼兒園,112,2023-10-31,基礎評鑑－全數指標通過,0,0
K8F471D4CD8,新北市私立蓮育幼兒園,112,2023-11-09,基礎評鑑－全數指標通過,0,0
K28BE6E1328,新北市私立永錡新莊幼兒園,112,2023-10-17,基礎評鑑－全數指標通過,0,0
K63BFDD8254,新北市私立英勝幼兒園,112,2023-11-08,基礎評鑑－全數指標通過,0,0
KDC0DF595DC,新北市私立成德菁英幼兒園,112,2023-09-26,基礎評鑑－全數指標通過,0,0
K998F150E77,新北市私立育勝幼兒園,112,2023-11-08,基礎評鑑－全數指標通過,0,0
K9ED1398D96,海納川全人教育股份有限公司附設新北市私立艾倫戴爾幼兒園,112,2023-11-03,基礎評鑑－全數指標通過,0,0
KB7027794AA,新北市昌平非營利幼兒園（委託財團法人三之三生命教育基金會辦理）,112,2023-10-05,基礎評鑑－全數指標通過,0,0
K67A61067B3,新北市中平非營利幼兒園(委託社團法人新北市中華國際嬰幼兒發展學會辦理),112,2023-10-27,基礎評鑑－全數指標通過,0,0
K8580D01B34,行政院新莊聯合辦公大樓各進駐機關員工子女非營利幼兒園(委託社團法人新竹市教保人員協會辦理),112,2023-10-06,基礎評鑑－全數指標通過,0,0
KE2E8B37088,新北市福營非營利幼兒園(委託社團法人中華兆陽文教發展協會辦理),112,2023-10-26,基礎評鑑－全數指標通過,0,0
K6E947C0B9C,新北市新樂非營利幼兒園(委託財團法人三之三生命教育基金會辦理),112,2023-10-26,基礎評鑑－全數指標通過,0,0
K14C1401C0B,新北市泰山區同榮國民小學附設幼兒園,112,2023-10-03,基礎評鑑－全數指標通過,0,0
KA91F333515,新北市立泰山國民中學附設幼兒園,112,2023-10-27,基礎評鑑－全數指標通過,0,0
K3DAC1ACFA3,新北市泰山區明志國民小學附設幼兒園,112,2023-10-03,基礎評鑑－部分指標通過,1,1
K3DAC1ACFA3,新北市泰山區明志國民小學附設幼兒園,112,2024-11-20,追蹤評鑑－全數指標通過,0,1
K3060153EB2,新北市泰山區泰山國民小學附設幼兒園,112,2023-10-27,基礎評鑑－全數指標通過,0,0
K944DF7E8CA,新北市立泰山幼兒園,112,2023-10-02,基礎評鑑－全數指標通過,0,0
K5C43DFA264,新北市立泰山幼兒園明志分班,112,2023-10-03,基礎評鑑－全數指標通過,0,0
K7CC78D6EA1,新北市立泰山幼兒園貴和分班,112,2023-10-11,基礎評鑑－全數指標通過,0,0
K8CB8756930,財團法人天主教瑪利亞方濟各傳教女修會附設新北市私立曉明幼兒園,112,2023-11-06,基礎評鑑－全數指標通過,0,0
K9E7EB25C01,新北市私立育榕幼兒園,112,2023-10-12,基礎評鑑－部分指標通過,1,1
K9E7EB25C01,新北市私立育榕幼兒園,112,2024-11-25,追蹤評鑑－全數指標通過,0,1
KB72613A094,新北市私立喬安幼兒園,112,2023-10-24,基礎評鑑－全數指標通過,0,0
KF3DC4D1961,新北市私立晴幼幼兒園,112,2023-10-12,基礎評鑑－部分指標通過,1,1
KF3DC4D1961,新北市私立晴幼幼兒園,112,2024-11-25,追蹤評鑑－全數指標通過,0,1
KF2E1CAF9A3,新北市私立泰山慈惠幼兒園,112,2023-10-11,基礎評鑑－全數指標通過,0,0
KDBD51DBE1F,新北市私立心翔幼兒園,112,2023-11-06,基礎評鑑－全數指標通過,0,0
K52179208AA,財團法人臺灣省天主教道明傳教修女會附設新北市私立道明幼兒園,112,2023-10-24,基礎評鑑－全數指標通過,0,0
K4546D8B7F5,新北市私立青樺幼兒園,112,2023-10-20,基礎評鑑－全數指標通過,0,0
KED1BC1A557,新北市私立華菂幼兒園,112,2023-10-20,基礎評鑑－全數指標通過,0,0
K4DC7C1A131,新北市私立及幼幼兒園,112,2023-11-06,基礎評鑑－全數指標通過,0,0
K63DD95C793,新北市私立比佛利幼兒園,112,2023-10-03,基礎評鑑－全數指標通過,0,0
K0686666129,新北市私立比陽幼兒園,112,2023-10-03,基礎評鑑－全數指標通過,0,0
K0A63E0AFF0,新北市私立新仁愛幼兒園,112,2023-11-06,基礎評鑑－全數指標通過,0,0
K0E4029B1F7,新北市私立夢不落幼兒園,112,2023-11-08,基礎評鑑－全數指標通過,0,0
K88F35BA084,新北市林口區麗林國民小學附設幼兒園,112,2023-10-24,基礎評鑑－全數指標通過,0,0
K555E5EA171,新北市林口區麗園國民小學附設幼兒園,112,2023-10-20,基礎評鑑－全數指標通過,0,0
K6F5776BABE,新北市林口區南勢國民小學附設幼兒園,112,2023-10-16,基礎評鑑－全數指標通過,0,0
K01EFF4C05F,新北市林口區林口國民小學附設幼兒園,112,2023-10-20,基礎評鑑－全數指標通過,0,0
K78BEA1F60F,新北市林口區頭湖國民小學附設幼兒園,112,2023-10-16,基礎評鑑－全數指標通過,0,0
K7539AC09C7,新北市林口區瑞平國民小學附設幼兒園,112,2023-10-04,基礎評鑑－部分指標通過,1,1
K7539AC09C7,新北市林口區瑞平國民小學附設幼兒園,112,2024-11-20,追蹤評鑑－全數指標通過,0,1
K11FA411EBA,新北市林口區興福國民小學附設幼兒園,112,2023-10-20,基礎評鑑－全數指標通過,0,0
K33F6BE1052,新北市立崇林國民中學附設幼兒園,112,2023-10-24,基礎評鑑－全數指標通過,0,0
K5ADE2A3A5B,新北市立林口幼兒園,112,2023-10-13,基礎評鑑－全數指標通過,0,0
K56F950CF54,新北市立林口幼兒園湖北分班,112,2023-10-20,基礎評鑑－全數指標通過,0,0
K9B5C644F93,新北市立林口幼兒園忠孝分班,112,2023-10-13,基礎評鑑－全數指標通過,0,0
K058DD5FD9D,新北市立林口幼兒園文化分班,113,2024-10-17,基礎評鑑－全數指標通過,0,0
K750208392A,新北市林口區嘉寶國民小學附設幼兒園,112,2023-10-04,基礎評鑑－全數指標通過,0,0
K7CECAEAFCF,新北市私立林口幼兒園,112,2023-10-03,基礎評鑑－部分指標通過,1,1
K7CECAEAFCF,新北市私立林口幼兒園,112,2024-11-20,追蹤評鑑－全數指標通過,0,1
KDB26FCE7AE,新北市私立愛林幼兒園,112,2023-11-01,基礎評鑑－全數指標通過,0,0
KCB08E82A3A,新北市私立吉而堡幼兒園,112,2023-10-04,基礎評鑑－全數指標通過,0,0
K794644202C,新北市私立林口愛丁堡幼兒園,112,2023-10-24,基礎評鑑－全數指標通過,0,0
KEA0E08FDFA,新北市私立千愛幼兒園,112,2023-10-16,基礎評鑑－全數指標通過,0,0
K455C3BBDB6,新北市私立翔祥幼兒園,112,2023-09-26,基礎評鑑－全數指標通過,0,0
KE9C469A421,新北市私立心兒園幼兒園,112,2023-10-12,基礎評鑑－全數指標通過,0,0
KB47532D2E0,新北市私立愛霖幼兒園,112,2023-11-01,基礎評鑑－部分指標通過,1,1
KB47532D2E0,新北市私立愛霖幼兒園,112,2024-11-20,追蹤評鑑－全數指標通過,0,1
K8346A853A3,新北市私立文達幼兒園,112,2023-10-02,基礎評鑑－全數指標通過,0,0
KB9ED059B87,新北市私立心語幼兒園,112,2023-10-24,基礎評鑑－全數指標通過,0,0
K484256B78D,新北市私立愛林城堡幼兒園,112,2023-11-08,基礎評鑑－部分指標通過,1,1
K484256B78D,新北市私立愛林城堡幼兒園,112,2024-11-20,追蹤評鑑－全數指標通過,0,1
K2BD6E433CE,新北市私立林口啟文幼兒園,112,2023-09-26,基礎評鑑－全數指標通過,0,0
KFF68330EB1,奇異林股份有限公司附設新北市私立奇異鳥麗林幼兒園,112,2023-10-23,基礎評鑑－部分指標通過,1,1
KFF68330EB1,奇異林股份有限公司附設新北市私立奇異鳥麗林幼兒園,112,2024-11-20,追蹤評鑑－全數指標通過,0,1
KB5F0328914,新北市私立溫德爾林口幼兒園,112,2023-10-02,基礎評鑑－全數指標通過,0,0
K9993959B7F,新北市私立微笑幼兒園,112,2023-10-12,基礎評鑑－全數指標通過,0,0
KDA5DCB497A,新北市私立華邇街幼兒園,112,2023-11-01,基礎評鑑－部分指標通過,1,1
KDA5DCB497A,新北市私立華邇街幼兒園,112,2024-11-25,追蹤評鑑－全數指標通過,0,1
KAD5C7E805C,新北市私立勁寶兒林口幼兒園,112,2023-10-24,基礎評鑑－全數指標通過,0,0
K59EBAB37A9,新北市私立小木屋蒙特梭利幼兒園,112,2023-10-19,基礎評鑑－全數指標通過,0,0
KB5012E571D,財團法人華山愛德教育基金會附設新北市私立林口愛德幼兒園,112,2023-10-16,基礎評鑑－全數指標通過,0,0
K64C1F66AB4,新北市私立福祿貝爾幼兒園,112,2023-11-10,基礎評鑑－全數指標通過,0,0
K1A83C83BFE,龍騰文化事業股份有限公司附設新北市私立林口康橋國際幼兒園,112,2023-10-13,基礎評鑑－全數指標通過,0,0
K49158CD908,新北市私立新林幼兒園,112,2023-10-04,基礎評鑑－全數指標通過,0,0
KDFFDD10EB0,新北市私立華邇街美善幼兒園,112,2023-11-01,基礎評鑑－部分指標通過,1,1
KDFFDD10EB0,新北市私立華邇街美善幼兒園,112,2024-11-25,追蹤評鑑－全數指標通過,0,1
K2C92A8DD8D,新北市私立萬美憶月幼兒園,112,2023-10-17,基礎評鑑－全數指標通過,0,0
KD89030040E,新北市私立心語仁愛幼兒園,112,2023-11-10,基礎評鑑－全數指標通過,0,0
KD5B759CDB2,嘉聲文教事業股份有限公司附設新北市私立佳呈幼兒園,112,2023-10-12,基礎評鑑－全數指標通過,0,0
K552C9632A2,新北市私立心辰幼兒園,112,2023-10-24,基礎評鑑－部分指標通過,1,1
K552C9632A2,新北市私立心辰幼兒園,112,2024-11-25,追蹤評鑑－全數指標通過,0,1
K918830B987,翰科教育股份有限公司附設新北市私立林口夏恩國際幼兒園,113,2024-10-21,基礎評鑑－全數指標通過,0,0
KBE6DC388E1,新北市私立心萬美幼兒園,112,2023-10-17,基礎評鑑－全數指標通過,0,0
K7C907D0E51,新北市私立萊恩思幼兒園,112,2023-10-23,基礎評鑑－全數指標通過,0,0
K8DC0CCEF93,新北市私立禾森幼兒園,112,2023-10-19,基礎評鑑－部分指標通過,1,1
K8DC0CCEF93,新北市私立禾森幼兒園,112,2024-11-25,追蹤評鑑－全數指標通過,0,1
KCA502A6800,新北市私立夏哲森幼兒園,112,2023-10-19,基礎評鑑－全數指標通過,0,0
K38AF933432,嘉聲文教事業股份有限公司附設新北市私立嘉聲幼兒園,112,2023-10-12,基礎評鑑－全數指標通過,0,0
KAE10F8FFF8,新北市私立南蒂亞新林幼兒園,113,2024-10-15,基礎評鑑－全數指標通過,0,0
K84B7746870,新北市私立路亞幼兒園,113,2024-10-15,基礎評鑑－部分指標通過,1,1
K84B7746870,新北市私立路亞幼兒園,113,2025-11-25,追蹤評鑑－全數指標通過,0,1
KEAB1E9C80C,新北市私立嘉傑幼兒園,113,2024-10-17,基礎評鑑－全數指標通過,0,0
K04C4165414,新北市新林非營利幼兒園(委託明新學校財團法人明新科技大學辦理),112,2023-10-19,基礎評鑑－全數指標通過,0,0
KEF0B2D1C01,新北市文創非營利幼兒園(委託財團法人三之三生命教育基金會辦理),112,2023-10-17,基礎評鑑－全數指標通過,0,0
KF3442B4BCB,新北市文仁非營利幼兒園(委託社團法人臺灣兒童教育發展協會辦理),112,2023-10-17,基礎評鑑－全數指標通過,0,0
KBEC7666275,新北市菁湖非營利幼兒園(委託財團法人三之三生命教育基金會辦理),112,2023-10-03,基礎評鑑－部分指標通過,1,1
KBEC7666275,新北市菁湖非營利幼兒園(委託財團法人三之三生命教育基金會辦理),112,2024-11-25,追蹤評鑑－全數指標通過,0,1
K506842339C,新北市佳林非營利幼兒園(委託社團法人臺灣兒童教育發展協會辦理),113,2024-10-21,基礎評鑑－全數指標通過,0,0
K39DA25503E,新北市東湖非營利幼兒園(委託社團法人新北市巧湖溫馨關懷發展協會辦理),112,2023-10-13,基礎評鑑－部分指標通過,1,1
K39DA25503E,新北市東湖非營利幼兒園(委託社團法人新北市巧湖溫馨關懷發展協會辦理),112,2024-11-20,追蹤評鑑－全數指標通過,0,1
K3109994E56,新北市蘆洲區鷺江國民小學附設幼兒園,114,2025-10-07,基礎評鑑－全數指標通過,0,0
K8AF56C0095,新北市蘆洲區成功國民小學附設幼兒園,114,2025-10-27,基礎評鑑－全數指標通過,0,0
KC55BCCFD6C,新北市立蘆洲幼兒園,114,2025-10-27,基礎評鑑－全數指標通過,0,0
KCD1935EA27,新北市蘆洲區蘆洲國民小學附設幼兒園,114,2025-10-01,基礎評鑑－部分指標通過,1,1
K36A2EFFC89,新北市蘆洲區忠義國民小學附設幼兒園,114,2025-09-24,基礎評鑑－全數指標通過,0,0
K96E78521C8,新北市立蘆洲國民中學附設幼兒園,114,2025-10-01,基礎評鑑－全數指標通過,0,0
K74A204A132,新北市蘆洲區仁愛國民小學附設幼兒園,114,2025-10-07,基礎評鑑－全數指標通過,0,0
K1881EFA0D0,新北市私立兜群育資優幼兒園,114,2025-11-06,基礎評鑑－全數指標通過,0,0
K165F4CA8A7,新北市私立佳辰幼兒園,114,2025-10-13,基礎評鑑－全數指標通過,0,0
K9F92978A94,新北市私立艾寶貝幼兒園,114,2025-10-03,基礎評鑑－全數指標通過,0,0
K0E36D9B1B8,新北市私立邦妮幼兒園,114,2025-10-17,基礎評鑑－全數指標通過,0,0
KC7760E62D8,新北市私立愛心園幼兒園,114,2025-10-08,基礎評鑑－全數指標通過,0,0
K1D34307F37,新北市私立美敦幼兒園,114,2025-10-08,基礎評鑑－全數指標通過,0,0
K205DA1A670,新北市私立文心幼兒園,114,2025-10-29,基礎評鑑－全數指標通過,0,0
K2179ABB348,新北市私立榕榕園幼兒園,114,2025-10-07,基礎評鑑－部分指標通過,1,1
K62B655796A,新北市私立新大智幼兒園,114,2025-10-14,基礎評鑑－全數指標通過,0,0
K2EE5960BEB,新北市私立蘆洲星辰幼兒園,114,2025-10-20,基礎評鑑－全數指標通過,0,0
KD6C04E90BE,功學社教育用品股份有限公司附設新北市私立燕翔幼兒園,114,2025-09-30,基礎評鑑－全數指標通過,0,0
K4050EB9E32,新北市私立翊華幼兒園,114,2025-10-13,基礎評鑑－部分指標通過,1,1
K2A07FDE7A3,新北市私立翊華幼兒園民族分班,114,2025-10-13,基礎評鑑－全數指標通過,0,0
K102B723793,新北市私立徐匯高級中學附設徐匯幼兒園,114,2025-10-28,基礎評鑑－全數指標通過,0,0
KB51258FD6D,新北市私立長興幼兒園,114,2025-11-03,基礎評鑑－全數指標通過,0,0
KA57C7463B7,新北市私立全國幼兒園,114,2025-10-28,基礎評鑑－全數指標通過,0,0
K3CBE428180,新北市私立向詮幼兒園,114,2025-11-06,基礎評鑑－全數指標通過,0,0
K99AFF94765,新北市私立馨園幼兒園,114,2025-09-22,基礎評鑑－全數指標通過,0,0
K40C18414F9,新北市私立中華兒童幼兒園,114,2025-10-17,基礎評鑑－部分指標通過,1,1
K4B83E14C71,新北市私立光華幼兒園,114,2025-10-14,基礎評鑑－全數指標通過,0,0
K63405DC91B,新北市私立普薪幼兒園,114,2025-10-01,基礎評鑑－全數指標通過,0,0
KD2361C9F8B,新北市私立環愛幼兒園,114,2025-10-17,基礎評鑑－全數指標通過,0,0
K5235BFC688,新北市私立佳佳安長榮幼兒園,114,2025-11-03,基礎評鑑－全數指標通過,0,0
KCEBF484D6E,新北市私立佳思美幼兒園,114,2025-09-22,基礎評鑑－全數指標通過,0,0
K46578751D6,新北市私立今人園幼兒園,114,2025-10-31,基礎評鑑－全數指標通過,0,0
KEE34FE94B7,新北市私立快樂佳園幼兒園,114,2025-10-31,基礎評鑑－全數指標通過,0,0
KB8469A94C2,新北市私立西雅圖幼兒園,114,2025-10-07,基礎評鑑－全數指標通過,0,0
K9930DADA30,新北市私立幼育成幼兒園,114,2025-09-30,基礎評鑑－全數指標通過,0,0
KE8D9E6AF0D,新北市私立璽悅幼兒園,114,2025-10-01,基礎評鑑－全數指標通過,0,0
KBDEC9341B3,新北市私立佳佳安幼兒園,114,2025-10-31,基礎評鑑－全數指標通過,0,0
KB9CB130974,新北市私立興華幼兒園,114,2025-10-22,基礎評鑑－全數指標通過,0,0
K3DCA5E2E9B,新北市私立祐昇幼兒園,114,2025-10-31,基礎評鑑－全數指標通過,0,0
KAE7761D05C,新北市私立新冠鈞幼兒園,114,2025-10-17,基礎評鑑－全數指標通過,0,0
K4439B1C4D9,新北市私立民族幼兒園,114,2025-10-13,基礎評鑑－全數指標通過,0,0
KFB6D666DDF,新北市私立來得幼兒園,114,2025-11-05,基礎評鑑－全數指標通過,0,0
K204B11E0D0,新北市私立美式夏綠蒂幼兒園,114,2025-10-22,基礎評鑑－全數指標通過,0,0
K414C95DB7D,新北市私立愛麗斯幼兒園,114,2025-10-21,基礎評鑑－全數指標通過,0,0
K30FA549882,新北市私立康橋幼兒園,114,2025-11-05,基礎評鑑－全數指標通過,0,0
K5DD9E1EB98,新北市私立綺莉絲幼兒園,114,2025-10-20,基礎評鑑－全數指標通過,0,0
KA90E2D427F,新北市私立劍橋幼兒園,114,2025-10-22,基礎評鑑－全數指標通過,0,0
KC41CB65195,新北市私立美樂蒂幼兒園,114,2025-10-07,基礎評鑑－全數指標通過,0,0
KC912365DBC,新北市私立凱文幼兒園,114,2025-10-27,基礎評鑑－全數指標通過,0,0
K609F8FA740,新北市私立多比幼兒園,114,2025-10-15,基礎評鑑－全數指標通過,0,0
KB4BEBD090E,新北市私立文德幼兒園,114,2025-10-21,基礎評鑑－全數指標通過,0,0
KDBB6FC8BAE,新北市私立維多利亞幼兒園,114,2025-10-03,基礎評鑑－全數指標通過,0,0
K5B401216A0,新北市私立蘆幼幼兒園,114,2025-10-22,基礎評鑑－全數指標通過,0,0
KE50A4A0BAD,新北市私立新蘆洲北大幼兒園,114,2025-10-31,基礎評鑑－全數指標通過,0,0
K0CEE6FD9C0,新北市私立勁寶兒長樂幼兒園,114,2025-10-27,基礎評鑑－全數指標通過,0,0
K96D709C572,新北市私立泉慧幼兒園,114,2025-10-23,基礎評鑑－全數指標通過,0,0
K022AC3A411,寶寶潛能開發股份有限公司附設新北市私立奇異鳥蘆洲幼兒園,114,2025-10-20,基礎評鑑－部分指標通過,1,1
KB9AABD2D1D,新北市私立集賢幼兒園,114,2025-10-29,基礎評鑑－全數指標通過,0,0
K3F3A86A87C,新北市私立史丹力幼兒園,114,2025-10-07,基礎評鑑－部分指標通過,1,1
KC8083599BF,新北市私立日日安幼兒園,113,2024-10-07,基礎評鑑－全數指標通過,0,0
K9FE59C70CF,新北市鷺江非營利幼兒園(委託財團法人彭婉如文教基金會辦理),114,2025-09-24,基礎評鑑－全數指標通過,0,0
K3A9817F640,新北市五股區成州國民小學附設幼兒園,112,2023-10-06,基礎評鑑－全數指標通過,0,0
KF925C4BC21,新北市五股區更寮國民小學附設幼兒園,112,2023-10-06,基礎評鑑－全數指標通過,0,0
K3080325163,新北市五股區五股國民小學附設幼兒園,112,2023-10-11,基礎評鑑－全數指標通過,0,0
KCE34BCC88F,新北市五股區德音國民小學附設幼兒園,112,2023-10-11,基礎評鑑－全數指標通過,0,0
K57452729D6,新北市立五股幼兒園,112,2023-10-04,基礎評鑑－全數指標通過,0,0
K249DB15B0E,新北市立五股幼兒園水碓分班,112,2023-11-01,基礎評鑑－全數指標通過,0,0
KCA9B938B74,新北市立五股幼兒園更新分班,112,2023-11-01,基礎評鑑－全數指標通過,0,0
KA0EE6FCEDE,新北市立五股幼兒園成州分班,112,2023-10-04,基礎評鑑－全數指標通過,0,0
KB8B2D91726,新北市立五股幼兒園德音分班,112,2023-10-18,基礎評鑑－全數指標通過,0,0
KC248413973,新北市立五股幼兒園陸一分班,112,2023-10-18,基礎評鑑－全數指標通過,0,0
KE1E3F8E92A,新北市私立芮嘉幼兒園,112,2023-09-28,基礎評鑑－全數指標通過,0,0
KC735BA2AC6,新北市私立強生幼兒園,112,2023-10-18,基礎評鑑－全數指標通過,0,0
K978B1C37D9,新北市私立聖雅幼兒園,112,2023-10-25,基礎評鑑－全數指標通過,0,0
K21A55BEA45,新北市私立華盛頓幼兒園,112,2023-10-25,基礎評鑑－全數指標通過,0,0
K6F072E7F46,新北市私立德寶幼兒園,112,2023-10-25,基礎評鑑－全數指標通過,0,0
K9E6C104C9F,新北市私立星辰幼兒園,112,2023-10-19,基礎評鑑－全數指標通過,0,0
KFB595753C8,新北市私立成泰幼兒園,112,2023-10-30,基礎評鑑－全數指標通過,0,0
K0C14525AD7,新北市私立維珍妮幼兒園,112,2023-10-18,基礎評鑑－全數指標通過,0,0
K7AC90795EF,新北市私立優質幼兒園,112,2023-11-08,基礎評鑑－全數指標通過,0,0
K222F0DFE5B,新北市私立振鋒幼兒園,112,2023-09-28,基礎評鑑－部分指標通過,1,1
K222F0DFE5B,新北市私立振鋒幼兒園,112,2024-11-20,追蹤評鑑－全數指標通過,0,1
KEB974899B2,新北市私立威爾斯幼兒園,112,2023-10-23,基礎評鑑－全數指標通過,0,0
KE7CE3F8CB1,新北市私立學華幼兒園,112,2023-11-08,基礎評鑑－全數指標通過,0,0
KA15150FBF9,新北市私立新邦仁幼兒園,112,2023-09-28,基礎評鑑－全數指標通過,0,0
K9C58A22768,新北市私立小百科幼兒園,112,2023-10-23,基礎評鑑－全數指標通過,0,0
K76DFF4A130,新北市私立溫德爾幼兒園,112,2023-09-28,基礎評鑑－全數指標通過,0,0
K9FF6A24118,新北市私立文愛幼兒園,112,2023-11-02,基礎評鑑－全數指標通過,0,0
KCE26F2481C,新北市私立菲米力幼兒園,112,2023-11-02,基礎評鑑－全數指標通過,0,0
K2350693BE7,新北市八里區八里國民小學附設幼兒園,112,2023-10-13,基礎評鑑－全數指標通過,0,0
KE4D07BC90B,新北市八里區大崁國民小學附設幼兒園,112,2023-10-13,基礎評鑑－全數指標通過,0,0
K8A542F4001,新北市立八里幼兒園,112,2023-10-23,基礎評鑑－全數指標通過,0,0
KE7EA19D352,新北市立八里幼兒園龍源分班,112,2023-10-24,基礎評鑑－全數指標通過,0,0
KDB10E6FBBB,新北市立八里幼兒園大埤頂分班,112,2023-10-23,基礎評鑑－全數指標通過,0,0
KAD699DBFF8,新北市私立青子園幼兒園,112,2023-11-01,基礎評鑑－全數指標通過,0,0
K028CED1F61,新北市私立快樂芝麻幼兒園,112,2023-10-26,基礎評鑑－全數指標通過,0,0
K5C9BE9B280,新北市私立星莆幼兒園,112,2023-10-25,基礎評鑑－全數指標通過,0,0
KDE9980BE07,天主教聖心學校財團法人新北市聖心國民小學附設私立善牧園幼兒園,112,2023-10-24,基礎評鑑－全數指標通過,0,0
KDF1E5BF08C,新北市私立大崁璽恩幼兒園,112,2023-10-26,基礎評鑑－部分指標通過,1,1
KDF1E5BF08C,新北市私立大崁璽恩幼兒園,112,2024-11-20,追蹤評鑑－全數指標通過,0,1
K268F91D5A0,新北市私立邱吉爾幼兒園,112,2023-11-01,基礎評鑑－全數指標通過,0,0
K4F0BB12ADE,新北市私立人文幼兒園,112,2023-09-27,基礎評鑑－全數指標通過,0,0
K9BA60E538F,新北市私立陽光幼兒園,112,2023-09-27,基礎評鑑－全數指標通過,0,0
K43DF739FA7,新北市立忠山實驗小學附設幼兒園,113,2024-11-07,基礎評鑑－全數指標通過,0,0
K76B8BD0EFC,新北市淡水區興仁國民小學附設幼兒園,113,2024-10-09,基礎評鑑－全數指標通過,0,0
K9B792BE30A,新北市淡水區新興國民小學附設幼兒園,113,2024-10-14,基礎評鑑－全數指標通過,0,0
KE43539E428,新北市淡水區鄧公國民小學附設幼兒園,113,2024-10-22,基礎評鑑－全數指標通過,0,0
KD867063B12,新北市淡水區竹圍國民小學附設幼兒園,113,2024-10-11,基礎評鑑－全數指標通過,0,0
K0C93BA492D,新北市淡水區坪頂國民小學附設幼兒園,113,2024-10-25,基礎評鑑－全數指標通過,0,0
K1363E201D7,新北市淡水區文化國民小學附設幼兒園,113,2024-10-22,基礎評鑑－部分指標通過,1,1
K1363E201D7,新北市淡水區文化國民小學附設幼兒園,113,2025-11-26,追蹤評鑑－全數指標通過,0,1
KA97F9F62E8,新北市淡水區淡水國民小學附設幼兒園,113,2024-09-30,基礎評鑑－全數指標通過,0,0
K3FA81E4EBB,新北市淡水區屯山國民小學附設幼兒園,113,2024-10-09,基礎評鑑－全數指標通過,0,0
K3930F56F4A,新北市淡水區天生國民小學附設幼兒園,113,2024-10-14,基礎評鑑－全數指標通過,0,0
K08BBD60ECB,新北市淡水區中泰國民小學附設幼兒園,113,2024-11-07,基礎評鑑－全數指標通過,0,0
K85A255B132,新北市立淡水國民中學附設幼兒園,113,2024-09-30,基礎評鑑－全數指標通過,0,0
KED4821E541,新北市立淡水幼兒園,113,2024-10-04,基礎評鑑－全數指標通過,0,0
K861C26DF38,新北市立淡水幼兒園竹圍分班,113,2024-10-11,基礎評鑑－全數指標通過,0,0
K62F265CDFB,新北市淡水區育英國民小學附設幼兒園,113,2024-09-23,基礎評鑑－全數指標通過,0,0
K621AEB0871,新北市淡水區水源國民小學附設幼兒園,113,2024-10-01,基礎評鑑－全數指標通過,0,0
KD26A22DE5F,新北市淡水區新市國民小學附設幼兒園,113,2024-09-23,基礎評鑑－全數指標通過,0,0
K3F182E0DCF,新北市私立國花幼兒園,113,2024-10-29,基礎評鑑－全數指標通過,0,0
K85389AE7EC,新北市私立唯寶幼兒園,113,2024-10-24,基礎評鑑－全數指標通過,0,0
K31CD382AC4,新北市私立淡水新興幼兒園,113,2024-10-30,基礎評鑑－全數指標通過,0,0
K5B15B47F08,新北市私立淡水啟文幼兒園,113,2024-11-06,基礎評鑑－全數指標通過,0,0
KC768B03DD9,新北市私立吉的堡北馨園幼兒園,113,2024-10-07,基礎評鑑－全數指標通過,0,0
KDF39AA287C,新北市私立小親親幼兒園,113,2024-09-25,基礎評鑑－全數指標通過,0,0
K8327364D70,新北市私立快樂家族幼兒園,113,2024-10-23,基礎評鑑－全數指標通過,0,0
KA7CBBDD382,新北市私立臻寶園幼兒園,113,2024-10-11,基礎評鑑－部分指標通過,1,1
KA7CBBDD382,新北市私立臻寶園幼兒園,113,2025-11-25,追蹤評鑑－全數指標通過,0,1
K05B4CAFC73,新北市私立啟蒙幼兒園,113,2024-10-29,基礎評鑑－全數指標通過,0,0
K0DFFED1F2E,新北市私立紅樹林幼兒園,113,2024-10-25,基礎評鑑－全數指標通過,0,0
KE17CCF549A,新北市私立菁英幼兒園,113,2024-09-25,基礎評鑑－全數指標通過,0,0
KCBD9B035AF,新北市私立愛家幼兒園,113,2024-11-07,基礎評鑑－全數指標通過,0,0
KABE3E7917B,台灣基督長老教會淡江學校財團法人新北市私立淡江高級中學附設新北市私立純德幼兒園,113,2024-10-04,基礎評鑑－全數指標通過,0,0
K060A84D77C,新北市私立育碩幼兒園,113,2024-10-09,基礎評鑑－全數指標通過,0,0
KC81DAD6B09,新北市私立萊恩得幼兒園,113,2024-10-16,基礎評鑑－全數指標通過,0,0
K57E0F6642F,新北市私立卓越幼兒園,113,2024-10-16,基礎評鑑－全數指標通過,0,0
K9B358757F7,新北市私立淡水松柏幼兒園,113,2024-11-06,基礎評鑑－全數指標通過,0,0
KE440994141,新北市私立快樂小熊幼兒園,113,2024-10-22,基礎評鑑－部分指標通過,1,1
KE440994141,新北市私立快樂小熊幼兒園,113,2025-11-26,追蹤評鑑－全數指標通過,0,1
KE1A3F10744,新北市私立萬甲田幼兒園,113,2024-10-18,基礎評鑑－全數指標通過,0,0
K9B5477BEEB,新北市私立智晶幼兒園,113,2024-11-07,基礎評鑑－全數指標通過,0,0
KD66EA6A9D4,新北市私立悅慧幼兒園,113,2024-11-06,基礎評鑑－全數指標通過,0,0
K2FCDEF9B29,新北市私立溫斯頓幼兒園,113,2024-10-07,基礎評鑑－部分指標通過,1,1
K2FCDEF9B29,新北市私立溫斯頓幼兒園,113,2025-11-26,追蹤評鑑－全數指標通過,0,1
K2BCE31C128,新北市私立普登幼兒園,113,2024-10-11,基礎評鑑－部分指標通過,1,1
K2BCE31C128,新北市私立普登幼兒園,113,2025-11-25,追蹤評鑑－全數指標通過,0,1
KD8AED27668,新北市私立漢斯堡國際幼兒園,113,2024-11-06,基礎評鑑－全數指標通過,0,0
K7F8AC01792,新北市私立英格麗幼兒園,113,2024-10-23,基礎評鑑－全數指標通過,0,0
KE11E00FE01,新北市私立雨果幼兒園,113,2024-10-24,基礎評鑑－全數指標通過,0,0
K4621DE9834,新北市私立可爾威德幼兒園,113,2024-10-24,基礎評鑑－全數指標通過,0,0
K8AE1BDB884,財團法人新北市私立一信幼兒園,113,2024-10-04,基礎評鑑－全數指標通過,0,0
KCA5B6770CD,新北市私立歡樂寶貝熊幼兒園,113,2024-10-09,基礎評鑑－部分指標通過,1,1
KCA5B6770CD,新北市私立歡樂寶貝熊幼兒園,113,2025-11-25,追蹤評鑑－全數指標通過,0,1
KA23651445F,新北市私立松林幼兒園,113,2024-10-18,基礎評鑑－全數指標通過,0,0
KB05A1332C8,新北市私立樂樂童年幼兒園,113,2024-10-30,基礎評鑑－全數指標通過,0,0
K64B6ABAF2E,新北市私立吾米幼兒園,113,2024-11-04,基礎評鑑－部分指標通過,1,1
K64B6ABAF2E,新北市私立吾米幼兒園,113,2025-11-26,追蹤評鑑－全數指標通過,0,1
KDDB45A9DE4,新北市私立愛丁堡探索幼兒園,114,2025-10-13,基礎評鑑－全數指標通過,0,0
K78C0A96435,新北市淡海非營利幼兒園(委託財團法人三之三生命教育基金會辦理),113,2024-11-04,基礎評鑑－全數指標通過,0,0
K0E4D879E24,新北市崁頂非營利幼兒園(委託財團法人三之三生命教育基金會辦理),114,2025-10-13,基礎評鑑－全數指標通過,0,0
KABEE61AA53,新北市三芝區興華國民小學附設幼兒園,113,2024-10-01,基礎評鑑－全數指標通過,0,0
KE84D31D177,新北市三芝區三芝國民小學附設幼兒園,113,2024-09-26,基礎評鑑－部分指標通過,1,1
KE84D31D177,新北市三芝區三芝國民小學附設幼兒園,113,2025-11-26,追蹤評鑑－全數指標通過,0,1
K6E77273D30,新北市立三芝幼兒園,113,2024-09-24,基礎評鑑－全數指標通過,0,0
K15AE79DDDA,新北市立三芝幼兒園福成分班,113,2024-09-24,基礎評鑑－全數指標通過,0,0
K80D6D3BA9F,新北市私立敦品幼兒園,113,2024-10-01,基礎評鑑－全數指標通過,0,0
K3DB12992BC,財團法人天主教會台北教區附設新北市私立三芝幼兒園,113,2024-09-27,基礎評鑑－全數指標通過,0,0
K12F1F24F76,新北市私立芝柏幼兒園,113,2024-10-01,基礎評鑑－部分指標通過,1,1
K12F1F24F76,新北市私立芝柏幼兒園,113,2025-11-25,追蹤評鑑－全數指標通過,0,1
K4774F66FF9,新北市私立幼親幼兒園,113,2024-09-30,基礎評鑑－全數指標通過,0,0
KF2230A7135,馬偕學校財團法人馬偕醫護管理專科學校附設新北市私立馬偕示範幼兒園,113,2024-09-27,基礎評鑑－部分指標通過,1,1
KF2230A7135,馬偕學校財團法人馬偕醫護管理專科學校附設新北市私立馬偕示範幼兒園,113,2025-11-25,追蹤評鑑－全數指標通過,0,1
K1AACB1D332,新北市私立幼親國際幼兒園,113,2024-09-30,基礎評鑑－全數指標通過,0,0
K8B239284D4,新北市立老梅實驗小學附設幼兒園,113,2024-09-26,基礎評鑑－全數指標通過,0,0
K0076702F36,新北市石門區石門國民小學附設幼兒園,113,2024-11-01,基礎評鑑－全數指標通過,0,0
KFD21B87759,新北市石門區乾華國民小學附設幼兒園,113,2024-09-26,基礎評鑑－全數指標通過,0,0
