inst_id,fiscal_year,revenue_tuition,revenue_subsidy,revenue_other,total_revenue,expense_personnel,expense_teaching,expense_facility,expense_rent,expense_admin,expense_other,total_expense,surplus,verified
K2415A70C05,2021,9993228.0,,1292541.0,11284869.0,6763467.0,1545938.0,231172.0,,146798.0,2378937.0,11066312.0,218557.0,1
K15CCE45A4E,2021,10148808.0,,2233289.0,12382097.0,6971731.0,1530901.0,143230.0,,143680.0,2527321.0,11291786.0,1065234.0,1
K54E0E6A4A2,2021,9988378.0,,1966673.0,11955951.0,7235004.0,1539437.0,214040.0,,136141.0,2063656.0,11188278.0,767673.0,1
KDF998FD925,2021,6210921.0,,1000070.0,71163219.0,3798440.0,1313667.0,266023.0,,100500.0,1311508.0,6790138.0,373081.0,0
K25B89B6B3E,2021,9030884.0,,2849031.0,11841923.0,5862148.0,1280667.0,194048.0,,147654.0,3565399.0,11009882.0,832041.0,1
KB7027794AA,2021,11652645.0,,2406564.0,14059209.0,7099629.0,1995118.0,194754.0,,286093.0,2871760.0,12416699.0,1642510.0,1
KA17D8F5F9A,2021,14112426.0,,2047485.0,16159911.0,9226416.0,2659665.0,269856.0,,367198.0,2113770.0,14636005.0,1523006.0,1
K9FE59C70CF,2021,11297761.0,,2451447.0,13749148.0,6903487.0,1665532.0,212732.0,,247759.0,3163292.0,12190875.0,1558273.0,1
K5BDC0C740F,2021,6932177.0,,1970796.0,8902973.0,4234041.0,965217.0,174461.0,,219922.0,2700549.0,8259804.0,643169.0,1
K9A79920811,2021,10620655.0,,2677567.0,13298222.0,8041532.0,1987497.0,259684.0,,93419.0,2748747.0,13109480.0,188742.0,1
KF31C21F4B0,2021,12887849.0,,2961472.0,15892108.0,9506267.0,2738435.0,293672.0,,128354.0,2950664.0,15617392.0,274716.0,1
K633CC054A3,2021,8937749.0,,933349.0,9871098.0,5558696.0,1278419.0,78590.0,,81002.0,13104689.0,9101396.0,769702.0,0
KBDDA1A2637,2021,8927018.0,,1641635.0,10568653.0,6256592.0,1369641.0,133259.0,,96878.0,2432920.0,10289290.0,279363.0,1
K8D89087028,2021,-9488.0,,2781947.0,13998676.0,7367122.0,1581189.0,109062.0,,186492.0,3990031.0,13188367.0,810309.0,0
K1903EBE606,2021,16436732.0,,4230090.0,20666822.0,11149982.0,2297841.0,261288.0,,245722.0,4266672.0,18190164.0,2476658.0,1
K67A61067B3,2021,10908429.0,,2634754.0,13544083.0,7715140.0,1949675.0,257628.0,,97265.0,3312981.0,13222267.0,321816.0,1
K81731FCDA3,2021,6526573.0,,1479672.0,8865015.0,4094563.0,1148781.0,127130.0,,114625.0,1867887.0,8227854.0,637161.0,0
KE2E8B37088,2021,9039153.0,,2774693.0,11813846.0,6042382.0,1775443.0,233585.0,,136890.0,2788035.0,10976335.0,837511.0,1
KF984F05B3B,2021,12830063.0,,3105455.0,15815279.0,8790805.0,2267436.0,272022.0,,202959.0,3465164.0,14998386.0,816893.0,1
K557631E383,2021,-201480.0,,738118.0,8159607.0,,2587522.0,382963.0,,196475.0,3072787.0,6062024.0,2097583.0,0
KEF0B2D1C01,2021,9941533.0,,1842572.0,11784105.0,5557050.0,1194436.0,55795.0,,278845.0,3533792.0,11243663.0,540442.0,0
KF3442B4BCB,2021,10108214.0,,2367777.0,12475991.0,6320807.0,1160294.0,165903.0,,124799.0,3704314.0,12159501.0,316490.0,0
KBEC7666275,2021,10385823.0,,2340067.0,12725890.0,6594614.0,1710343.0,213515.0,,194394.0,2797322.0,11508044.0,1217846.0,1
K506842339C,2021,9590149.0,,1244106.0,10834255.0,5829309.0,1186089.0,177023.0,,194600.0,1788254.0,9157134.0,1677121.0,1
K4574C62080,2021,11634304.0,,1378847.0,13013151.0,7280058.0,1714078.0,333407.0,,254384.0,1650507.0,11232434.0,1780717.0,1
K67BABA0726,2021,11660795.0,,912727.0,12558092.0,6187424.0,2151760.0,297186.0,,307507.0,1941600.0,10885477.0,1672615.0,1
KDD826D2227,2021,11598518.0,,1061905.0,12660423.0,6791109.0,1311334.0,147170.0,,242536.0,1919667.0,10392871.0,2267552.0,1
K6E947C0B9C,2021,9722390.0,,1264699.0,10987089.0,6385242.0,1596227.0,234377.0,,240028.0,1262938.0,9718812.0,1268277.0,1
K2415A70C05,2022,16227807.0,,1165600.0,17393407.0,11539967.0,2486246.0,98671.0,,314971.0,2303680.0,16743535.0,649872.0,1
K15CCE45A4E,2022,10133588.0,,2567664.0,12701252.0,7286602.0,1620692.0,77569.0,,152049.0,3150479.0,12287391.0,413861.0,1
K54E0E6A4A2,2022,9991038.0,,2224916.0,12215954.0,6737493.0,1617874.0,230024.0,,132854.0,3146609.0,11864854.0,351100.0,1
KDF998FD925,2022,6180487.0,,1584810.0,7765295.0,4018056.0,1416365.0,252435.0,,112245.0,1879992.0,7679993.0,85302.0,1
K25B89B6B3E,2022,9024121.0,,2993595.0,11976524.0,6412661.0,1499543.0,193435.0,,147024.0,3617210.0,11869873.0,106651.0,1
KB7027794AA,2022,11644841.0,,2321135.0,13965976.0,7770536.0,2134487.0,241263.0,,274838.0,3664804.0,14033020.0,-67044.0,1
KA17D8F5F9A,2022,20083258.0,,1772235.0,21855494.0,14516199.0,2901393.0,419715.0,,389181.0,3106368.0,21332856.0,522638.0,1
K9FE59C70CF,2022,11303691.0,,2906157.0,14209848.0,7382340.0,1541661.0,262346.0,,254992.0,4324290.0,13753629.0,456219.0,1
K5BDC0C740F,2022,6957635.0,,2167807.0,9125442.0,4104465.0,1154991.0,205400.0,,223067.0,,8883790.0,241652.0,0
K9A79920811,2022,12325429.0,,2786974.0,15112403.0,8970981.0,2204154.0,208102.0,,244104.0,3291096.0,14918437.0,193966.0,1
KF31C21F4B0,2022,14893264.0,,1496660.0,16389924.0,11076596.0,2506461.0,277162.0,,334934.0,2135778.0,16330931.0,58993.0,1
K633CC054A3,2022,,,202354.0,1151427.0,7001260.0,1345342.0,193879.0,,208850.0,1182138.0,10831469.0,319058.0,0
KBDDA1A2637,2022,11029619.0,,734271.0,11763890.0,7732482.0,1659684.0,212563.0,,230306.0,1716659.0,11551694.0,212196.0,1
K8D89087028,2022,,,2660220.0,15301795.0,9226443.0,1651518.0,204654.0,,242945.0,3799096.0,15124656.0,177139.0,0
K1903EBE606,2022,20930734.0,,3144884.0,24075618.0,14262637.0,2160233.0,169053.0,,358263.0,6516885.0,23467071.0,607647.0,1
K67A61067B3,2022,12563292.0,,2981086.0,15544378.0,8646665.0,2131892.0,162905.0,,371941.0,4319182.0,15532585.0,11793.0,1
K81731FCDA3,2022,14926361.0,,2029193.0,16955554.0,10636839.0,2119850.0,235866.0,,328465.0,2454450.0,15775470.0,1180084.0,1
KE2E8B37088,2022,12518271.0,,2462228.0,14080499.0,8845271.0,2254753.0,302670.0,,274427.0,1386355.0,14859531.0,117023.0,0
KF984F05B3B,2022,-1098649.0,,3670586.0,16335675.0,8582980.0,2188799.0,213466.0,,203649.0,4959949.0,16148842.0,186833.0,0
K557631E383,2022,15102419.0,,4263010.0,19365429.0,10307328.0,2898322.0,317588.0,,244491.0,3947195.0,17714924.0,1650505.0,1
KEF0B2D1C01,2022,10087241.0,,2440255.0,12527496.0,5405235.0,1241881.0,132143.0,,277308.0,4068012.0,11810719.0,716777.0,0
KF3442B4BCB,2022,10029603.0,,3323641.0,13353244.0,6071285.0,1256452.0,92290.0,,125358.0,4743989.0,13050654.0,302590.0,0
KBEC7666275,2022,10290703.0,,2889423.0,13018126.0,6714037.0,1681006.0,185068.0,,191828.0,3756421.0,12528360.0,489766.0,1
K506842339C,2022,9527138.0,,2189449.0,11717487.0,5930070.0,1348074.0,190252.0,,193360.0,3882955.0,11546511.0,170976.0,1
K4574C62080,2022,11643589.0,,3000547.0,14644136.0,7877577.0,1993115.0,187110.0,,256448.0,4525258.0,14839508.0,-195372.0,1
K67BABA0726,2022,11851525.0,,1524782.0,13376316.0,7228314.0,2399743.0,120306.0,,293784.0,1464419.0,11650727.0,1725589.0,1
KDD826D2227,2022,11546921.0,,2075252.0,13622173.0,7235158.0,1509114.0,196841.0,,239842.0,4192036.0,13372991.0,249182.0,1
K6E947C0B9C,2022,22383667.0,,2546342.0,24930009.0,15206445.0,3345317.0,418914.0,,469335.0,3953534.0,23393545.0,1537364.0,1
K39DA25503E,2022,22821535.0,,1342716.0,24164251.0,14214119.0,3976940.0,421716.0,,371577.0,2534737.0,21514774.0,2645162.0,1
KC0365E3036,2022,6794845.0,,212356.0,7007201.0,6055356.0,1045164.0,285874.0,,215613.0,155617.0,7557889.0,-550688.0,0
KBD1D2CF7BD,2022,5415722.0,,208278.0,3624000.0,4620897.0,1055254.0,240736.0,,194935.0,199425.0,6141997.0,-517997.0,0
KED39D6F381,2022,19334230.0,,1009490.0,20343720.0,12821946.0,2359131.0,372413.0,,288841.0,2412471.0,18180192.0,2163528.0,1
K2415A70C05,2023,17230683.0,,1764337.0,18995020.0,11797585.0,2611071.0,79655.0,,344882.0,3911028.0,18744221.0,250799.0,1
K15CCE45A4E,2023,12690961.0,,1159894.0,13850855.0,9157815.0,1683012.0,189643.0,,256233.0,2912992.0,14199695.0,-348840.0,1
K54E0E6A4A2,2023,10020087.0,,4124019.0,14144106.0,5280926.0,1830522.0,211608.0,,123832.0,6445584.0,13893372.0,250734.0,1
KDF998FD925,2023,6164347.0,,2866882.0,9031229.0,2899218.0,1483420.0,176923.0,,96385.0,4053058.0,8709004.0,322225.0,1
K25B89B6B3E,2023,8952660.0,,3968931.0,12921591.0,5032018.0,1601854.0,200304.0,,139096.0,5680243.0,12653515.0,268076.0,1
KB7027794AA,2023,11605167.0,,3532953.0,15138118.0,6839375.0,2117069.0,220986.0,,282068.0,5491478.0,14950976.0,187142.0,1
KA17D8F5F9A,2023,20440250.0,,3357304.0,23797554.0,14991246.0,3091989.0,398754.0,,396570.0,4970841.0,23849400.0,-51846.0,1
K9FE59C70CF,2023,11230949.0,,3330596.0,16561545.0,6549857.0,1745371.0,258290.0,,242072.0,7847230.0,16642820.0,-81275.0,0
K5BDC0C740F,2023,6707645.0,,3170433.0,9878078.0,3361395.0,1224956.0,154155.0,,228003.0,4832996.0,9801505.0,76573.0,1
K9A79920811,2023,12361731.0,,4414331.0,16776062.0,8924216.0,2167509.0,175184.0,,241664.0,4506833.0,16015406.0,760656.0,1
KF31C21F4B0,2023,14907395.0,,1912245.0,16820540.0,11352830.0,2610882.0,359347.0,,340228.0,2311155.0,16974442.0,-153903.0,1
K633CC054A3,2023,10756247.0,,651946.0,11408193.0,7038621.0,1406217.0,114250.0,,209369.0,2788214.0,11556665.0,-148472.0,1
KBDDA1A2637,2023,10123955.0,,1501225.0,12556080.0,7834805.0,1749191.0,177309.0,,223151.0,2484416.0,12468872.0,87208.0,0
K8D89087028,2023,-87726.0,,1322437.0,14883486.0,9542297.0,1901811.0,275011.0,,274922.0,3443819.0,15407860.0,-524374.0,0
K1903EBE606,2023,23101337.0,,4552841.0,27654178.0,15815742.0,2488226.0,226012.0,,382997.0,8359899.0,27272876.0,381302.0,1
K67A61067B3,2023,12553277.0,,2563389.0,15116666.0,8916311.0,2157020.0,374949.0,,262729.0,15778783.0,15489792.0,-373126.0,0
K81731FCDA3,2023,15581615.0,,2636387.0,18218002.0,10661543.0,2232833.0,273124.0,,315722.0,5128446.0,18611668.0,-393666.0,1
KE2E8B37088,2023,1452765.0,,2911090.0,15415862.0,9416455.0,2403354.0,304466.0,,274742.0,3343088.0,15742105.0,-326243.0,0
KF984F05B3B,2023,-620906.0,,2862109.0,19390034.0,11256942.0,2174031.0,264243.0,,364174.0,5038274.0,19097664.0,292370.0,0
K557631E383,2023,18896234.0,,2852204.0,21748438.0,12881177.0,3080006.0,346202.0,,457769.0,2497640.0,19262794.0,2485644.0,1
KEF0B2D1C01,2023,10969998.0,,1566429.0,12536427.0,6575048.0,1399872.0,181411.0,,363981.0,3871047.0,13088499.0,-552072.0,0
KF3442B4BCB,2023,11312864.0,,2246964.0,13559828.0,6441218.0,1547022.0,127022.0,,357481.0,4436423.0,13550446.0,9382.0,0
KBEC7666275,2023,10272636.0,,5036748.0,15309384.0,4776110.0,1820896.0,255121.0,,172382.0,7786289.0,14810798.0,498586.0,1
K506842339C,2023,9553915.0,,3107454.0,12661369.0,5605418.0,1396511.0,163099.0,,192760.0,4617877.0,11936339.0,725030.0,1
K4574C62080,2023,11692929.0,,4573803.0,16266732.0,7079229.0,2226253.0,208165.0,,263265.0,6367392.0,16146104.0,120628.0,1
K67BABA0726,2023,11948857.0,,3540903.0,15489760.0,6209038.0,2617774.0,231781.0,,297913.0,3380530.0,12737036.0,2752724.0,1
KDD826D2227,2023,11585545.0,,3760658.0,15346203.0,6138401.0,1600817.0,190508.0,,240472.0,6410301.0,14580499.0,765704.0,1
K6E947C0B9C,2023,22983248.0,,4294315.0,27277563.0,14997656.0,3658105.0,354551.0,,433520.0,8175119.0,27618951.0,-341388.0,1
K39DA25503E,2023,26305812.0,,3846700.0,30152512.0,18104935.0,4528018.0,534011.0,,438606.0,6816586.0,30422156.0,-269644.0,1
KC0365E3036,2023,12500970.0,,796460.0,13297430.0,8377365.0,1718274.0,223927.0,,254964.0,1194832.0,11769362.0,1528068.0,1
KBD1D2CF7BD,2023,10239105.0,,1636973.0,11876078.0,6812566.0,1916263.0,233367.0,,224813.0,1806669.0,10993678.0,882400.0,1
KED39D6F381,2023,19527066.0,,1706220.0,21233286.0,13743920.0,2521927.0,361942.0,,283745.0,4280110.0,21190644.0,42642.0,1
K78C0A96435,2023,19877526.0,,1641444.0,21518970.0,11672852.0,2277852.0,383021.0,,383354.0,2994019.0,17681319.0,3837651.0,1
KD6A7087AF1,2023,10837105.0,,885290.0,11722395.0,6472036.0,1554198.0,179734.0,,246574.0,3123211.0,11576645.0,145750.0,1
K2415A70C05,2024,17921950.0,,2234028.0,20155978.0,11978248.0,2273073.0,234707.0,,311242.0,7347479.0,22144749.0,-1988771.0,1
K15CCE45A4E,2024,14066000.0,,1851287.0,15866725.0,9040242.0,1605669.0,333137.0,,249162.0,3963632.0,15191842.0,674883.0,1
K54E0E6A4A2,2024,11624870.0,,1219532.0,12844402.0,8710840.0,1681611.0,190544.0,,185725.0,2833755.0,13604475.0,-760073.0,1
KDF998FD925,2024,7369632.0,,981495.0,8351127.0,5072224.0,1254422.0,283893.0,,150856.0,2109800.0,8871195.0,-520068.0,1
K25B89B6B3E,2024,11971032.0,,1233463.0,13204495.0,6363884.0,1110710.0,183064.0,,237011.0,3702981.0,11597650.0,1606845.0,1
KB7027794AA,2024,-205185.0,,2943245.0,14632460.0,7955962.0,2140021.0,228471.0,,285744.0,4624775.0,152349073.0,-602513.0,0
KA17D8F5F9A,2024,18928477.0,,3187950.0,29145666.0,17915419.0,2663831.0,301313.0,,368955.0,5270181.0,25409886.0,3735780.0,0
K9FE59C70CF,2024,11426888.0,,4096386.0,15523274.0,7810400.0,1879882.0,223420.0,,258862.0,6116370.0,16288934.0,-765660.0,1
K5BDC0C740F,2024,6254595.0,,2318739.0,15297334.0,4817555.0,1195077.0,215880.0,,251497.0,4903711.0,10105038.0,5192296.0,0
K9A79920811,2024,13218109.0,,4334867.0,17552976.0,9314356.0,2274945.0,274423.0,,269093.0,5943526.0,18076343.0,-523367.0,1
KF31C21F4B0,2024,16429902.0,,2550122.0,18980024.0,11667233.0,2321371.0,266417.0,,364184.0,3805974.0,18425179.0,554845.0,1
K633CC054A3,2024,,,,87424.0,,1231366.0,149400.0,,203644.0,,1356145.0,-692433.0,0
KBDDA1A2637,2024,12307119.0,,1798925.0,14106044.0,8185812.0,1830686.0,196951.0,,233736.0,3559343.0,14006528.0,99516.0,1
K8D89087028,2024,21313089.0,,2578071.0,23891160.0,15550045.0,2549104.0,225955.0,,290919.0,3759825.0,22375848.0,1515312.0,1
K1903EBE606,2024,23049937.0,,5137192.0,28187129.0,16137029.0,2971656.0,304587.0,,397133.0,9140387.0,28950792.0,-763663.0,1
K67A61067B3,2024,13974863.0,,4055022.0,18029885.0,8896657.0,2173986.0,264681.0,,277084.0,5366058.0,16978466.0,1051419.0,1
K81731FCDA3,2024,16276000.0,,2447188.0,18611616.0,10895768.0,2071807.0,245945.0,,303074.0,4777490.0,18294084.0,317532.0,1
KE2E8B37088,2024,13798616.0,,3978095.0,17776711.0,9406758.0,2332353.0,307587.0,,289414.0,4517804.0,16853016.0,922795.0,1
KF984F05B3B,2024,17667560.0,,2638483.0,20306043.0,11556371.0,2328743.0,253728.0,,329520.0,6132766.0,20601128.0,-295085.0,1
K557631E383,2024,21033709.0,,4531044.0,25564753.0,13308102.0,3125712.0,384610.0,,446172.0,4176135.0,21440731.0,4124022.0,1
KEF0B2D1C01,2024,11948984.0,,1293119.0,14142103.0,6659960.0,1454832.0,110431.0,,337196.0,4418429.0,13684798.0,457305.0,0
KF3442B4BCB,2024,12491808.0,,2210150.0,14701958.0,6584499.0,1567505.0,130707.0,,345563.0,4989750.0,14265648.0,436310.0,0
KBEC7666275,2024,13281768.0,,2430277.0,15712945.0,8617050.0,1864863.0,257063.0,,278343.0,5321427.0,16339646.0,-626701.0,1
K506842339C,2024,9492401.0,,2954486.0,12446887.0,5939032.0,1295328.0,97823.0,,193520.0,5379917.0,12880711.0,-433824.0,1
K4574C62080,2024,11772658.0,,3712720.0,21808378.0,8380317.0,1933553.0,215175.0,,262571.0,7173821.0,16607411.0,5200967.0,0
K67BABA0726,2024,9821514.0,,3446855.0,14434369.0,7742381.0,1764996.0,247198.0,,303340.0,3356285.0,13414200.0,1020169.0,0
KDD826D2227,2024,11350369.0,,3886634.0,15237003.0,28796.0,1651677.0,178375.0,,257140.0,6133673.0,16249661.0,-1012658.0,0
K6E947C0B9C,2024,24221648.0,,5953987.0,30175635.0,14347.0,1346608.0,421423.0,,413540.0,10009223.0,20190029.0,9085606.0,0
K39DA25503E,2024,28752847.0,,5207096.0,33959943.0,18850777.0,4276533.0,473452.0,,420651.0,8608680.0,32630093.0,1329850.0,1
KC0365E3036,2024,13296672.0,,1331694.0,14628366.0,7736019.0,2087112.0,273496.0,,286542.0,3832457.0,14215626.0,412740.0,1
KBD1D2CF7BD,2024,11297106.0,,2104312.0,13401418.0,7010982.0,1792145.0,188133.0,,233663.0,3773610.0,12998533.0,402885.0,1
KED39D6F381,2024,20801302.0,,1870046.0,22671348.0,14911253.0,2456259.0,372043.0,,303805.0,4464514.0,22507874.0,163474.0,1
K78C0A96435,2024,19181640.0,,3747307.0,22928947.0,13994993.0,2631207.0,377859.0,,355286.0,7731649.0,25090994.0,-2162047.0,1
KD6A7087AF1,2024,13452599.0,,2169961.0,15622560.0,8382581.0,2010563.0,222063.0,,282834.0,4724519.0,135622560.0,926600.0,0
KE64497C5B3,2024,22258366.0,,1320771.0,23579137.0,14384345.0,3104451.0,316658.0,,400237.0,2543359.0,20749050.0,2830087.0,1
K5ED8D8140E,2024,10809730.0,,1369310.0,12179040.0,7273300.0,1679255.0,293140.0,,108137.0,1339765.0,10793597.0,1385443.0,1
KADFAD6E665,2024,8665360.0,,1319945.0,9985305.0,5720932.0,1054204.0,250708.0,,185577.0,1341023.0,8552444.0,1432861.0,1
K0E4D879E24,2024,22348494.0,,2141698.0,24490192.0,15226479.0,2811643.0,311709.0,,463190.0,3463950.0,22276971.0,2213221.0,1
