post_id,inst_id,name,source,post_date,content,engagement,url
P000001,KF19E0F124F,新北市私立小博士幼兒園,新聞：中央社 CNA,2025-11-01,114年全國中小學客家藝文競賽中、南區初賽成績揭曉 - 中央社 CNA。114年全國中小學客家藝文競賽中、南區初賽成績揭曉 中央社 CNA,,https://news.google.com/rss/articles/CBMiVkFVX3lxTE1YYTgtNWwwNmdfbVNfYUI3a1h5alAwdHhNSE5MN3pqdFI0UFFTZXFmcHhYTFJGc1JvbFJSYmZuNHJLOEFlTnYzejgzam43X1JySnJNRkhn?oc=5
P000002,KF19E0F124F,新北市私立小博士幼兒園,新聞：元丰傳媒,2025-07-31,買明信片寫上祝福再寄給爸比 新竹郵局完成小博士幼兒園小小心願 - 元丰傳媒。買明信片寫上祝福再寄給爸比 新竹郵局完成小博士幼兒園小小心願 元丰傳媒,,https://news.google.com/rss/articles/CBMifkFVX3lxTE43VU0tYWduLURCazhIZUxUOENFN0V1ajRZQjZkYmRrdnI0WldwMW1kREtsYTQzaXVqanJGcEhGc3RBOXYyNWYwR2ZXU0dObWxrd3pXMHQ3aE1DVHM3U0VRVk1keGFMQ3pLd3R1WUJjRE1oeHV3VmdsVG41MllvUQ?oc=5
P000003,KF19E0F124F,新北市私立小博士幼兒園,新聞：台灣民眾電子報,2026-02-05,屏東郵局參與內埔鄉小博士幼兒園新春園遊會 金融防詐宣導與集郵行銷活動 - 台灣民眾電子報。屏東郵局參與內埔鄉小博士幼兒園新春園遊會 金融防詐宣導與集郵行銷活動 台灣民眾電子報,,https://news.google.com/rss/articles/CBMiQ0FVX3lxTE8zTGhPUnZGVTFhV2E1RXltU3ZMa1ZQaks0LXJWUXEtN01mSGhUUTc0WTR2ekpwQkhMZGJFd3hiMEN1Mjg?oc=5
P000004,KF19E0F124F,新北市私立小博士幼兒園,新聞：風傳媒,2018-09-11,小博士幼兒園參訪太平派出所 幼童秀舞蹈逗樂警花 | 台灣好新聞報 | 地方新聞 - 風傳媒。小博士幼兒園參訪太平派出所 幼童秀舞蹈逗樂警花 | 台灣好新聞報 | 地方新聞 風傳媒,,https://news.google.com/rss/articles/CBMiS0FVX3lxTE1fS1VROHVzMGdhOVJYSEptb3dibFNuSEYyT0pYSGpHUF92d3UtZzZTdDBPZUwzVWw3djRLNHAxZDljaC1JMXRmdmtsOA?oc=5
P000005,KF19E0F124F,新北市私立小博士幼兒園,新聞：台灣好新聞,2016-06-14,小博士幼兒園參訪太平派出所 幼童秀舞蹈逗樂警花 - 台灣好新聞。小博士幼兒園參訪太平派出所 幼童秀舞蹈逗樂警花 台灣好新聞,,https://news.google.com/rss/articles/CBMiS0FVX3lxTE1LWmFMRU9DR0pCZHpKZ2ZPZVFsa2QtOXhvWkVGQVUyUWt2VTI3UFV3WXBjTExwV2pBaU5adXU0ZWlkZUpUQ1V2Ny1VRQ?oc=5
P000006,KF19E0F124F,新北市私立小博士幼兒園,新聞：報新聞,2023-03-15,小叮噹關懷老人邀免費暢玩樂園 華山新豐站16週年慶三失長者戲雪感受童趣 - 報新聞。小叮噹關懷老人邀免費暢玩樂園 華山新豐站16週年慶三失長者戲雪感受童趣 報新聞,,https://news.google.com/rss/articles/CBMi6gJBVV95cUxORDB4eG1vQVZZcnh2WUtoV0VtMHlTN0xja0pRWkZZWmprYzd5SUxNNWN6WDRWLUNPSDJNYXIxQjVOQ0lNLVdCWXFTWXY4V3RXVFlJbkw5SlVxc1ZwZlFLbUhKZmc4bFVoSUpzUzFqTHA1M0ozdDNua3VyZWJzYnJUSnpKb1paR1hWZFpRNXNyMEgxTS0tcU90VkNpZXVwUXRYTDB6UmotY2hiZldpVlhRV2p0SlpMUElNVWFzVUhxTVhKaGkwdkJOZ3MzNUdlQVZ3SElRTVFSaGVoNkFrcmhKaWUtX0VYLTV1QTAyWDBYYjRHQkJ6VnA4dTEtQnFERnRFaS1NdGJhRzhvU25SYkJaRjFFWEtsaEROMXZKOVVpUDhLaFRyUjVKazFwVEhaRUdEM2RQX2o1ejdPQ0tpNVBrdjE2cFdrd0Z0a0MtM0xPNXE5cDlsbGNmbXFmYk1vRE44cTNMWngzaUZnQQ?oc=5
P000007,KF19E0F124F,新北市私立小博士幼兒園,新聞：中時新聞網,2017-05-12,警局變樂園 BABY BOSS瘋這個 - 中時新聞網。警局變樂園 BABY BOSS瘋這個 中時新聞網,,https://news.google.com/rss/articles/CBMibkFVX3lxTE5vMDE2bzZWczJzNG5HRmZzbmEzQjE2SnJzUkRlVWhKbDJtVG05QzJkdXJDeVN0TW9VY203dGN5aFo2cVJTdWtWVVc3bERpVnFiSW9Xekgxa2piQmF6eEVBZUNzdEdIMXFpS0pxajNn?oc=5
P000008,KF19E0F124F,新北市私立小博士幼兒園,新聞：自由時報,2016-06-13,純真的祝福…幼童卡片蛋糕慰問中彈警員 - 自由時報。純真的祝福…幼童卡片蛋糕慰問中彈警員 自由時報,,https://news.google.com/rss/articles/CBMiaEFVX3lxTE81eWlPa1RnUm94VzZ2S3dZdE9SS1RybEdBcm82cUR4MmJjb291eFFqYzM0ZmIzQ2lndkFMb19pVGJxLVRkVUdEY0w1T3Q5Z3B0ZlJjcDJMbkdTWXZ6OVphdVJibmprODEx0gFuQVVfeXFMT1RaLTZlZHE3dm5NdUNJQUJYeFVNemNNeFE1SVFrTHYtQldJdTUyOExNZjVoVjBXTmVZNjhzM055N2duYU55NEprc0Q4aXBKZ3NNMzJ3N0xjclpNZjF5RFlHLWN2MzctZlU4amh2LXc?oc=5
P000009,KF19E0F124F,新北市私立小博士幼兒園,新聞：台灣好新聞,2017-05-12,幼童著迷你版警服體驗警察工作 萌翻全場 - 台灣好新聞。幼童著迷你版警服體驗警察工作 萌翻全場 台灣好新聞,,https://news.google.com/rss/articles/CBMiS0FVX3lxTE5haVVDMDhObF9hOTVsakJUM0Rzam4ybWgzSzdmcTRjT3JyRDRTdkduUnpJd1doRE4tcFA2WjA2SkVaVkU0YmlFbS0tWQ?oc=5
P000010,KF025D04584,新北市私立巨星幼兒園,新聞：客新聞 HakkaNews,2024-07-11,「幼幼講客列車」開往新北 參與人數全國第一高 - 客新聞 HakkaNews。「幼幼講客列車」開往新北 參與人數全國第一高 客新聞 HakkaNews,,https://news.google.com/rss/articles/CBMiUEFVX3lxTE5Gbnh6RENrdUR6OGs1QXo0bVJpa0VYYTZXUG5UNGY3aVdUeWxhcWNFV0lEOW56QXRtdmZhd0EtYWtkTEhvSGlraWFXbWpXV1Bi?oc=5
P000011,KF025D04584,新北市私立巨星幼兒園,新聞：自由時報,2015-03-06,幼兒園老師收了學費就落跑 家長驚覺被騙 - 自由時報。幼兒園老師收了學費就落跑 家長驚覺被騙 自由時報,,https://news.google.com/rss/articles/CBMiaEFVX3lxTE15YktCQVQ3RUFpZjFjQklMaXg2MUJoNGNJaUhFdDBldG1NUmg3RU1HWUhhOFpfNlRhaEpGNzN6eWFidi1nV3N0ZkxzMEh0ZXhwczlBZ0p2WFltZlpmdTVsZWNybldHTE1o0gFuQVVfeXFMUDZPQUd6YkJXVEI2MGhuX2V3SEJyNUthcDRDcnNiV3R4dHA0NnM1THROUUJUNW81OXZvLVBjR2p3WEJNUk5rSmZvTXRtYjU4RDlXOGNRSTdqb3NoUzg4czU5d2l4ZWRqMUJueU9EeFE?oc=5
P000012,KC634D319F0,新北市私立新時代幼兒園,新聞：人民网－安徽频道,2025-06-03,合肥市廬陽區舉辦“YUE動廬陽 歡樂校園”暨慶“六一”幼兒舞蹈展演活動 - 人民网－安徽频道。合肥市廬陽區舉辦“YUE動廬陽 歡樂校園”暨慶“六一”幼兒舞蹈展演活動 人民网－安徽频道,,https://news.google.com/rss/articles/CBMicEFVX3lxTE5UajA2WHZwWlIwcGdaRGt1bzRHUmY0ejFuc3RWUFpwZHdlRlVPWHIzaHJsdjFxTDViWUlFbW9EbGRwamFBS0Y0dm1uQVY2d2N4cWhYZkxTdXJrdFlUSEN2SlBWTG9kUWVXd291V0tjTkM?oc=5
P000013,KC634D319F0,新北市私立新時代幼兒園,新聞：香港商报,2023-08-17,嚴肅處理！教育部公開曝光7起典型案例 - 香港商报。嚴肅處理！教育部公開曝光7起典型案例 香港商报,,https://news.google.com/rss/articles/CBMidkFVX3lxTE0wdGRVMlhaVlJWZF83aHZBY2UzUkVEY0N1bFNZRUprSEdjYVFQSHNqNEs4UUhRWV9xb2pSWlR1eGY3eFNaM0lOYnMtYVhfeWNhLWhocXJNaEhnOGV3VzlKTHMtQkdIWGJfYW9iQlFfNlNWZF9uVEE?oc=5
P000014,KC634D319F0,新北市私立新時代幼兒園,新聞：人民网-上海频道,2023-09-11,滿滿儀式感！虹口各學校這樣慶祝教師節 - 人民网-上海频道。滿滿儀式感！虹口各學校這樣慶祝教師節 人民网-上海频道,,https://news.google.com/rss/articles/CBMicEFVX3lxTE05SlV4ZEwtYjl2VHREZUYtR1FhUlVCZ01vWUphb3Jmd0o0ZEdWYVRiY2tqOVJ0UzhWeE5iS0VWME1sUkRSYUEyZGJNN3FrRlZkZUZKeDU4aDZaQ2xfcU5idnBnR1Fmem03TUI5YUY1WGs?oc=5
P000015,K6DA7696008,新北市私立時代幼兒園,新聞：香港商报,2023-08-17,嚴肅處理！教育部公開曝光7起典型案例 - 香港商报。嚴肅處理！教育部公開曝光7起典型案例 香港商报,,https://news.google.com/rss/articles/CBMidkFVX3lxTE0wdGRVMlhaVlJWZF83aHZBY2UzUkVEY0N1bFNZRUprSEdjYVFQSHNqNEs4UUhRWV9xb2pSWlR1eGY3eFNaM0lOYnMtYVhfeWNhLWhocXJNaEhnOGV3VzlKTHMtQkdIWGJfYW9iQlFfNlNWZF9uVEE?oc=5
P000016,K3E40793122,新北市私立民治園幼兒園,新聞：台灣好新聞,2021-09-11,「路口慢看停 行人停看聽」 板橋監理站宣導交通安全 - 台灣好新聞。「路口慢看停 行人停看聽」 板橋監理站宣導交通安全 台灣好新聞,,https://news.google.com/rss/articles/CBMiS0FVX3lxTE9SMlc1QVZoQVJMLTdPbEFtR2RiRGNzd09SejlxVGRrbEZSNkZGN1hSU3JROVFZMzUyTmNraTRJOUR4UlNnMEFraXhiTQ?oc=5
P000017,K3E40793122,新北市私立民治園幼兒園,新聞：蕃新聞,2024-05-16,幼兒園參訪板橋監理站 交通安全教育向下扎根 - 蕃新聞。幼兒園參訪板橋監理站 交通安全教育向下扎根 蕃新聞,,https://news.google.com/rss/articles/CBMiUkFVX3lxTE1YOFpmUnk1d3Q1dGlqX1pnZzlvdTJ0ellqYXFoWVF4VXZ1V29aMzhzMmpZNTdCTzZpMm5sdE1HWjhZV19QY0FaRnllOUVoZDNWX2c?oc=5
P000018,KBE319CF53A,新北市私立福樂幼兒園,新聞：自由時報,2020-02-04,逾8萬兒童口罩 新北、基隆配發私幼 - 自由時報。逾8萬兒童口罩 新北、基隆配發私幼 自由時報,,https://news.google.com/rss/articles/CBMiW0FVX3lxTE0xWkc1M3VPQTBfMmFkSWstTHNINTMwckQwd3RTUlpJRFFUc3VpT0ExMU5fbkJLUWgzbDhrZ2tmUDExVmw1MXFMWk0xb1B0cjd6VnVHbUxCSnl3V2_SAWBBVV95cUxNeHpXUmhISGcxWmtMaG13bVRzbFV2NElVdnFrMndnSnBCcV9MbU1CUEZwMlVLT2lwTjY0MTBrTXhzQUJScUptVHdNU2ZPTFJQRE8yRWZQMEJ1UWFKUC1WUWk?oc=5
P000019,KBE319CF53A,新北市私立福樂幼兒園,新聞：自由時報,2018-05-18,消基會抽查15家私幼退費標準 逾7成不合規定 - 自由時報。消基會抽查15家私幼退費標準 逾7成不合規定 自由時報,,https://news.google.com/rss/articles/CBMiZEFVX3lxTE5DZlJZdkpaMW9ycjF1VDFDTi01UmgwV2RWb3BOV0FEOWVMTnRtOVpTUTF1N3BIdFBtX0tFdFd1anF5T0FUUXRucXRidmh1WnBMSWJEZ2ZHSHJ4bjJnT3RFN2pCSTDSAWpBVV95cUxQaWM0YXhVd2ZwdzgtVXo1dEUxMmR1QXJheVQ1TlNCdzltTm9DS0xIYzZrTVJlRGhGU3ByS1NqTkpiQlpqZEs2MVAtMXVpaGg1aWJETk5HMUdQVW5fNVk3TEpjZy02SjdrUnZR?oc=5
P000020,KBE319CF53A,新北市私立福樂幼兒園,新聞：Yahoo新聞,2024-01-03,台中蒙特梭利幼兒園推薦，學齡前教育首選他 - Yahoo新聞。台中蒙特梭利幼兒園推薦，學齡前教育首選他 Yahoo新聞,,https://news.google.com/rss/articles/CBMiwwJBVV95cUxPTUkxVW8wTER4VTZqVHZ5cFdiNDFFcl9vVEExUjVfemI2SzJPd0ZUNTI4ZU9iN1hQOE9XMnFNaDByQmVoOE15cnFyTkxidVczZEM5WXhfRmxabFdNQW9sNDNBN2gyNURFVVB1bUtHRERtMWhKX0l3WVRNanJoQTI2OXpqMThiRmVYSldIZS1LTWZjYkZfRGZVTkNWelU3NGVrN1QyVmJzc1NjLXI4SmlQRXl4YWxVRGNJZDVkQ0FUR2dmSWJxTkduSWg4UHc5Rm9hdUhoMV9yNXdxUG5RVjJoa01NUktjTF9KX0RRbGMtZl9CV1pzM1pSXzk1SlMtXzJyLTdUTlJreDlHVmpkeEEtUGxmd2JBVlNscGNZWDBfVFZaV2YweDZyalk3d1M0aHZmVFI4bHZ2bFNkVXM5b21xVVpnYw?oc=5
P000021,KA90A923816,新北市私立興南幼兒園,新聞：台灣好新聞,2022-06-13,桃機捷A21站區徵工程及興南幼兒園動工 環北重劃區結合交通優勢造優質生活圈 - 台灣好新聞。桃機捷A21站區徵工程及興南幼兒園動工 環北重劃區結合交通優勢造優質生活圈 台灣好新聞,,https://news.google.com/rss/articles/CBMi4ANBVV95cUxNeG1LLU1CQjU3TmFBa2NqU3ExbE1kSVhvRXIwTkNBQzV6VnVhYW5QNVRUTV9OMFZZOV9weUpxU1VyNjFCVnFFSVp4bjNXcUZDajBySmduMjNSZF9CaDF1NGc0Tko0c0hIOXR6LTdYMnBpbnFGSGxCbkN6V25pR2d1TkVjU3hFT3hLRHNBWEp3MUhWSUF5dTdFX0pPdDY5eGVWdmRzd3MycWhKbFlTTVBZSkk4UnVNZDhPZkJlNkdSOXI2WGdBeDZMWVcwS1Rub0VmUExyNGZYbDBWeVJXc1RaU2w0Q2NXQmRIZnBOVFBMeXczWW5leDJ4WVptZmtrX3JrcGpYSWlfQVptS2tGTS1pQ1h6ekNaYXV6SjJwdVlSblA1T0NqV1ptX2NkSjRmNGxXV2FMRHFFZVpJRkE3ZUEzZkF2UHU0a0RtNk5XbEl3cTBzM1MtZlZ5SkRLQ0dEQkJ4TDF3RUFOZTl2aEhYU1pKdzdLdThKdGRhLVdkRmVBcXNwU1VIb21tLWNyREQzQWlVRUYzcTkyZWN0ajlLdFJzbElsTGFfczRaQnE1dlk4NlhFWG03TU9KclA0STItTmFPc0RxZ3JPN0ZhR2h2SnBNNGVPU1VwbVFCSm9CX3RkcGU?oc=5
P000022,KA90A923816,新北市私立興南幼兒園,新聞：ETtoday新聞雲,2022-06-14,桃園機捷A21站區徵工程及興南幼兒園動工　打造中壢新亮點 - ETtoday新聞雲。桃園機捷A21站區徵工程及興南幼兒園動工 打造中壢新亮點 ETtoday新聞雲,,https://news.google.com/rss/articles/CBMiXkFVX3lxTFBPTDVYQWhRTnB0MWVFd0JLR3c1MFZVdHJqTWNTbWFsemtzdDJ0WjVpR0VZSUw3U2lwUEVGNF9BTndDZE93RVpXYjBteGFqZ3hFZ2tqNldIdnBvRWJ2M3fSAUtBVV95cUxNUUxQeGE4ejlXcnZIMkRndlo5RWh6WkxrNFpyNFlZbFVvVDRQNFR3amJmVHdlaTI5X3RaYTdTLXVjOUZLY3VwQmtqZ2c?oc=5
P000023,KA90A923816,新北市私立興南幼兒園,新聞：好房網News,2022-06-14,機捷A21站環北重劃區打造水岸住宅　區徵工程動工 - 好房網News。機捷A21站環北重劃區打造水岸住宅 區徵工程動工 好房網News,,https://news.google.com/rss/articles/CBMia0FVX3lxTE1mX1cyeE9XRkZBRDlqdExxOWpUeFY0OUJ3dEpJY1B2Yk42ZEtWd0hzTFRuOU1RaTAxVENBUTJ3STE4NTQ0MmMyYmppUVpiOVFiSXFTOFdYTkxNNmlWTUp2UDdwOXJlTHNnMy130gFwQVVfeXFMUEh6bDZjZTg2RTRUOC1adklRY2x0U3lFRWVyeGxVM2h2ckI5c25jZjB5RzN2aDB1VjR6c1RIMFZmZWxKRFBaS0F3LURFS2VXZ3ljR0xwcHNKb1pyVUs0NDJtTnNCSFI0RXVob1kxYmxaQQ?oc=5
P000024,KA90A923816,新北市私立興南幼兒園,新聞：591新聞,2024-05-06,桃園交通機能強化，吸引首購客進場好時機 - 591新聞。桃園交通機能強化，吸引首購客進場好時機 591新聞,,https://news.google.com/rss/articles/CBMiSkFVX3lxTFA1TVlHM2FsSV9RVHYyQWFSN1BRRlBHalNGMWxuYkhWVHp4VGFnT001cTRweUFPbVM4ekY1ckNlTnlYYm1KbDdKUnl30gFPQVVfeXFMTTBRSjVsOWRCOU5ZcXU5TzNVT0FyemRMazREdFBWSmdPZDAyZjBOdW91MUt4RTkwQ2tKaXIwanpJcHJaWE1BVXVXMDR2eUVCdw?oc=5
P000025,KA90A923816,新北市私立興南幼兒園,新聞：UDN,2024-03-01,樸翔初耘中壢329檔期最強成屋案| 綜合 | 要聞 - UDN。樸翔初耘中壢329檔期最強成屋案| 綜合 | 要聞 UDN,,https://news.google.com/rss/articles/CBMiUEFVX3lxTE5POC1zN1NwenUwUDlpMndkM0JNVkoxSlVBM21IdXdhUTNMb184MWt5VXF1LWZ2d1U3YS1JMXJuUWFEY1hFU1pNU2ZUNEZxaVow?oc=5
P000026,KA90A923816,新北市私立興南幼兒園,新聞：風傳媒,2025-02-26,嗅到風向球！建商搶獵地 中壢市中心超值潛力區曝光 | 唐可欣 | 財經 - 風傳媒。嗅到風向球！建商搶獵地 中壢市中心超值潛力區曝光 | 唐可欣 | 財經 風傳媒,,https://news.google.com/rss/articles/CBMiTEFVX3lxTE02TnhVZzZzY3VIWVVMYTNjRXVUSDhfWUEwQ1ZCSjlTODg2c0d3ZHdfdDlGSmVVQUlNSmVWSk9UN2U4dm9vdmJQeUtlR0Y?oc=5
P000027,KA90A923816,新北市私立興南幼兒園,新聞：蕃新聞,2022-06-13,太狠了！64歲男子長期「尿不出來」竟DIY將18公分電線插入尿道 - 蕃新聞。太狠了！64歲男子長期「尿不出來」竟DIY將18公分電線插入尿道 蕃新聞,,https://news.google.com/rss/articles/CBMiUkFVX3lxTE02LXFvelhrdjBCZmV6allTWDFaa0lKOXpubzl0QUY0aE9pREZyZlgyc25fNEREa3RiaTFwM0hYUUF0UFZYY0Z5c1IxRmYwQldtSEE?oc=5
P000028,KE1E3F8E92A,新北市私立芮嘉幼兒園,新聞：中時新聞網,2025-12-31,新北五股魚菜共生農場 幼童餵魚兼採收體驗食農教育 - 中時新聞網。新北五股魚菜共生農場 幼童餵魚兼採收體驗食農教育 中時新聞網,,https://news.google.com/rss/articles/CBMibkFVX3lxTE9QQlpnUXNzWmt2cGppcXpDN1JmRmlUWTZKaFJKeXJPWVA0dkF0WklaQVpLODBTSnFtV09PcVJERVJGdzNLYlBtSXlNaUwyQmprc2o2VlVVMWk2dkNUTUZGZmxRSTd6RE1LMnVCWnJB?oc=5
P000029,KDF1E5BF08C,新北市私立大崁璽恩幼兒園,新聞：lnanews.com,2023-07-01,璽恩幼兒園飄書香 感謝安國寺雲水書坊 - lnanews.com。璽恩幼兒園飄書香 感謝安國寺雲水書坊 lnanews.com,,https://news.google.com/rss/articles/CBMiS0FVX3lxTFBldHpLSHhDQU9xZ3NFT0FpdTh5OU9hdVJoaWdXV2hvd2JkQjl6dDRhQmVYZmRWelJkZUVoMTdMNzA1NHRHMGp5V3dzQQ?oc=5
P000030,KDF1E5BF08C,新北市私立大崁璽恩幼兒園,新聞：lnanews.com,2022-06-18,安國寺雲水書坊 行動圖書館為愛永飄香 - lnanews.com。安國寺雲水書坊 行動圖書館為愛永飄香 lnanews.com,,https://news.google.com/rss/articles/CBMimgJBVV95cUxNNkstNDBpMHM3dG5aZll1XzNOQ1owNmlvLXFYeVpjc2paREFiRnRWZWpGZWdaU1JaVlVHV1g1bjlJcW9lTnFuVmRSeU1hSXVMNGw5RWNmZlZRZEwxTjZCV21NOU1ORjB4TlhWMGFtZllYVDVkcjZ3VjI2b0hwTnB0WHJ6WTRuc1lXc0hVQjN5aFZuYUJZSjloWktORWdzeHRqQ3lQdFJLLWNQdTkwNjVWUHFITG1LN0xhN2NkNC1WZlROcDZIMTRueEFSMHZOUTB5SEJkMzhseUVmbTNsM1BIeTdqQ0k0QlFFNzVrNXJWUVFfZG1wa1dEMkM0cHdWZVNJQWlxMHNtYUdPc3E0VFpCUjY3MktGRWYwNmc?oc=5
P000031,K946C064712,新北市私立土城育全幼兒園,新聞：知新聞,2026-01-22,新北連鎖幼兒園無照教保員虐5童！爆挨罰非首次 教育局全面清查10機構：最重廢止設立 - 知新聞。新北連鎖幼兒園無照教保員虐5童！爆挨罰非首次 教育局全面清查10機構：最重廢止設立 知新聞,,https://news.google.com/rss/articles/CBMib0FVX3lxTE1RWXc2TVZXM20xN1lwRVd5OVFsZVZfM2lwZmRCUDBNUHhhalNOdTBTMy1DT19FYUJhLWpaSlJlN0Y1UVRoMVZydTViNU0zdVRwQXB4T2lkeUtpREptb2lEQVctNXNLZUlNZmtha194RQ?oc=5
P000032,K946C064712,新北市私立土城育全幼兒園,新聞：Yahoo新聞,2026-01-22,土城育全幼兒園4天拉拽踹幼童50次 市府怒開罰13.2萬「一週內掀底旗下10機構」 - Yahoo新聞。土城育全幼兒園4天拉拽踹幼童50次 市府怒開罰13.2萬「一週內掀底旗下10機構」 Yahoo新聞,,https://news.google.com/rss/articles/CBMisgNBVV95cUxNLTY1S3NlOHVoeDZRSExaRzVjRExyVWdMb0t5cEl2cGt1bXUxWHpHX1BvVjE2ckM4b3RnWUFYQjZfQ0c2cDEzeDhCRXFNQW1KVktSS0ZXY0hXWWpuMmswLWtTV1UzdGJXWXpIMnhIZmVQckdvNEtXZjlndXA0RW9OV01TdFl4Tl9BOWc0VXhMVU1FUVVFaFVvUnFianpwNHhKSXBGOG1iTTZqSjZxU2FUT2pGMFo0a2MtaHRsSi1ONko2eS1sS09VX3JQMzc1RVo0ZHREMUEwMGlTODZYUEZvbzd3bENTRlY4T1oyckptNGV5cF8tQnhhOWFhVGJJMjlCVGNNWDVmajExZWZFM0hfVkxYT2d2bF9uVHFrWXVfM2h2MTZQdVA3NlctY3Z6RDdwODlndXpNeVJ3OTdUeGkxUUlkbkNpSTVIaUY4OThLZ0hJenNwWjVzRE16cW45XzNUWGZkaEhZbURJeDVTRFZaazF0ekY0OHQxc09nLWVGN1dqdmVFZzN5dUhDSm1KNXNEYUVjdkI5cWFUeTZxeFBNUWtsX2huMkt4ZWZZRlVpNkJxQQ?oc=5
P000033,K946C064712,新北市私立土城育全幼兒園,新聞：鏡週刊Mirror Media,2026-01-23,土城育全幼兒園4天拉拽踹幼童50次　市府怒開罰13.2萬「一週內掀底旗下10機構」 - 鏡週刊Mirror Media。土城育全幼兒園4天拉拽踹幼童50次 市府怒開罰13.2萬「一週內掀底旗下10機構」 鏡週刊Mirror Media,,https://news.google.com/rss/articles/CBMiY0FVX3lxTE9QOGJiVElYSF90bEJ2WjZxdEVKcTVSdWQtcmxDbURhRUxKUjhGa1FNaERQekhYRklNUEJmdzNEOUpfaG1FakhkWGR6cFM5MldLWlNZYy1rbk1lS1AwWVNwd3NKc9IBaEFVX3lxTFB1elAzQ0dsZG9zaUJWaFBaejU4eVFKMEJPd0xlNkVJOHVPODBpbGF3UmhfaF9pNW5IMzVwbmZxOUtpTGE2ZGFWczQzd1VVTURkWllBOEpqajRva2hOT3phM3N4cmM0SGdv?oc=5
P000034,K946C064712,新北市私立土城育全幼兒園,新聞：自由時報,2026-01-22,新北幼兒園被爆4天虐童50次 林月琴：放任無照教保員進班「20年」 - 自由時報。新北幼兒園被爆4天虐童50次 林月琴：放任無照教保員進班「20年」 自由時報,,https://news.google.com/rss/articles/CBMiZEFVX3lxTE1yQzNldU1OTVhTODc4eUhvR05XeHJ6NWFwVC1iSmRUSEcxRFNwVXVCUEdTTEZZTy04R1VjenRjbWo4WDNTTGhnYjF4ZG8wTzJ2aDVZT29kV3ZUUjRMY0hzckN0QnXSAWpBVV95cUxQRTN5cjhfSTFWNU9MVl9fNnBfcXZiTURqeEo5cG5zdVdFSm9KVDhscjU1RGpneTQwZ3NMSmhocVdOWTlTQU0xdl9NSmVfNVVoTEQ1ZEZ4STc5Vl9xbUFPNC1PSzVvU0FyVjRn?oc=5
P000035,K946C064712,新北市私立土城育全幼兒園,新聞：自由時報,2026-01-23,4天拉扯50次 新北幼兒園再傳不當對待 - 自由時報。4天拉扯50次 新北幼兒園再傳不當對待 自由時報,,https://news.google.com/rss/articles/CBMiW0FVX3lxTE1scjNOVF95Z0lqMGd6NGVwenVIWXcxRDF2a1ZKdjlnY00yOGVXV1RWazZ6NnR2Y0VSbHFyeGNLWGdDWkZKXzdwc2dOdEFPamlKaHVmOWRmTjZSOEnSAWBBVV95cUxNUkk1WnRicXpuSENJMWN4X3FCOEk4YmtPMVI5c3BlVWJVMUoxeW41SUJoaHpTekhKNDZEeldxRW1SeEZVdnc2UEF5YnROcWpLemlzRzBZT2JLcUZyNGV5cjQ?oc=5
P000036,K946C064712,新北市私立土城育全幼兒園,新聞：造咖,2026-01-22,新北土城幼兒園爆虐童！把孩童當沙包踢踹，裁罰多次仍營業 - 造咖。新北土城幼兒園爆虐童！把孩童當沙包踢踹，裁罰多次仍營業 造咖,,https://news.google.com/rss/articles/CBMiVEFVX3lxTE1EM2VGVERMeWU4LTRhMlRZd3k2VzQwZjdUUVY4ejROYkdKdGdTZW1kTUVYUzA1QXBad250N0x3TWEtMEx2RHBKN1BFLUtjOGx3NnZZbw?oc=5
P000037,K946C064712,新北市私立土城育全幼兒園,新聞：TVBS新聞網,2026-01-22,無照教保員「4天虐童50次」 家長怒孩被賞巴掌、拖行：「被當沙包」 - TVBS新聞網。無照教保員「4天虐童50次」 家長怒孩被賞巴掌、拖行：「被當沙包」 TVBS新聞網,,https://news.google.com/rss/articles/CBMiT0FVX3lxTE5kLUZIWFJYSXJBS0g5eTFZVnZsVDlEV1A5ZWI2azZOZWhiZlE1VDZjejRfR25HVEd6SEI0ajJaTjVSanhnQnNMZ0NtaDdnNGc?oc=5
P000038,K946C064712,新北市私立土城育全幼兒園,新聞：Yahoo新聞,2026-01-22,「4天拉拽踹逾50次」土城幼兒園被爆虐童 家長怒轟「把幼童當沙包」 - Yahoo新聞。「4天拉拽踹逾50次」土城幼兒園被爆虐童 家長怒轟「把幼童當沙包」 Yahoo新聞,,https://news.google.com/rss/articles/CBMihwNBVV95cUxNa1BsOTJ4dWFXT2JQVkhsMlIybVF4b2k1cU5xWDhpMzM2dzJRQ0toTWVrOElLUWhiTnF1OWZQeDNQYVpvM0JDYnd5NnFFNGI0WTdRUU8yekNRNG5CSEd1UmFtcGR6M2xocEpsR2F6UWY4RC1qNkxsZHFndFVLVG5abnc5bW03cHJXMlBISzRZS0tjb2hELUQ0SF9HU2YtV0NOQVJWbC1RTVhXZTc5UGtweUpUYUc4YnNvODVmRVdqSUlvNVZuUi03LVh5cjAzTjl6Wl9jakNDaXptUy1tNHAxX3ZOaTYtbS02VTRQYk1HbTUzbVdpaWF0UFNLenRqa1I0b2hUWXVnN2NUUTRBc1dDa2ZjX0ZPRjJldlB5bC1hcFhYTGJ3cWFRdWdFS3hHVjVQdlVrb0hFLWc5YTQySS1xZnZxeGtvcnNMUGExeGp4MFJTekZHZVhLVmVZTjFpMkZNTGhiM2tjSW9fdXRLS2ctMGxVRG8xUGtlNVBsbFdUMmE1VVRqSTBJ?oc=5
P000039,K946C064712,新北市私立土城育全幼兒園,新聞：自由時報,2026-01-22,幼兒園被爆無照教保員疑虐童新北教育局已裁罰13.2萬、1週內稽查全集團- 生活 - 自由時報。幼兒園被爆無照教保員疑虐童新北教育局已裁罰13.2萬、1週內稽查全集團- 生活 自由時報,,https://news.google.com/rss/articles/CBMiZEFVX3lxTE5tdGVSXzV5bTZuNGc5ZE5NVjNKQS1UUmd4WXNSVndZVHVQby0yTjBJUnZrc2JSOXdZQXgwNV9La0psOF9uSUp6MTNZVGE2Xzc5Q0hyV3l0ZTlwTURmNE1CNHFoNmM?oc=5
P000040,K946C064712,新北市私立土城育全幼兒園,新聞：鏡報,2026-01-23,85歲變態阿公髒手伸進15歲孫女內褲 被錄音蒐證還詭辯「又沒剝奪妳處女膜」 - 鏡報。85歲變態阿公髒手伸進15歲孫女內褲 被錄音蒐證還詭辯「又沒剝奪妳處女膜」 鏡報,,https://news.google.com/rss/articles/CBMiUkFVX3lxTE1GQWJqQVI1LXg0ZkxCZjZHYlJfUGFWSDZHMEJoYW82V0RKRU9yaVppWVZWZ0tkaTlTc0pwMTB3Wjk2NEl4Ri1vX3lMTWdveU1RdkE?oc=5
P000041,KC410E64ED5,新北市私立小綠芽幼兒園,新聞：中時新聞網,2015-03-14,幼兒園警局參訪 最愛警用大型重機 - 中時新聞網。幼兒園警局參訪 最愛警用大型重機 中時新聞網,,https://news.google.com/rss/articles/CBMibkFVX3lxTE4tNkMwRF83amw0akhmdjhpcnB4SGZtOUZESlpFSzJSZmJqUjNNdGlKcWdlYXA4QU95bGF6M0FNRW1MM3kzd0tyQTNlanhOdHJxdVJXQXlrVjdCTWxpblI0QUNQWVFCLThsdWJLUHRR?oc=5
P000042,KEB4C7059CB,新北市私立勵輝國際幼兒園,新聞：election.ltn.com.tw,2019-10-30,選戰倒數出奇招！立委推「大餅胖卡」免費發雞蛋糕超吸睛 - election.ltn.com.tw。選戰倒數出奇招！立委推「大餅胖卡」免費發雞蛋糕超吸睛 election.ltn.com.tw,,https://news.google.com/rss/articles/CBMib0FVX3lxTFB2TWIzMlI1SmU3Z3ZjUHg2RTZQOXhsdkN4eXNLWXdDV0tZNllNcjFaRnh2QnNkdTZjMFNTY0FlZmNJRzQ1ZWVjalRYcWtadkUzOVBoOGdvQnozZnBYLVpkR21pa2NyZ1dMQW5BQVlCcw?oc=5
P000043,K79791C2A87,新北市私立吉尼爾幼兒園,新聞：勁報,2026-04-24,新北市私立吉尼爾幼兒園不當對待案件說明 教育局：6人遭處分、最重終身列管 - 勁報。新北市私立吉尼爾幼兒園不當對待案件說明 教育局：6人遭處分、最重終身列管 勁報,,https://news.google.com/rss/articles/CBMiYEFVX3lxTE1PVVZ5Mi0tTzNuRzJ2bUlrVlN1ZXdJYTBQTVBlUmFtazJSYUdrMUtlZnNJdEFPRDRzdzk2RHBLaUVIMnJiZFNScnhCdTlIMEdsSlBSTjZ6Qm5qQ1VrZFFfbw?oc=5
P000044,K79791C2A87,新北市私立吉尼爾幼兒園,新聞：自由時報,2026-04-24,教職員持剪刀嚇幼生 新莊私立吉尼爾幼兒園罰30萬、停招1年 - 自由時報。教職員持剪刀嚇幼生 新莊私立吉尼爾幼兒園罰30萬、停招1年 自由時報,,https://news.google.com/rss/articles/CBMiZEFVX3lxTFBVTlUxX2ZydGwwN1EtaUsxeFRKT3kwSDd6dDdTWkk0TzNmbzdxMnRId3UyUGFfX1AyN1dSVDFKQWRfLXBWeVhWWXhWQTJNNDF3VVVjTDFpNVRUQWdiYU5DSC1lOHrSAWpBVV95cUxONkJwNkZCMDU0U293OFVtQjFwZG9oTlpjLU1XUHp5eGItVmlSQ1dGWTN3RE0zbUh0SHlMLWJ2UE53TmVDbHotVUtiWWljdjhXMmhMMm1JN2d3a285LXZKMUo4WWM0UlNoWUt3?oc=5
P000045,K79791C2A87,新北市私立吉尼爾幼兒園,新聞：ttv.com.tw,2026-04-19,爆虐童遭開罰！ 新莊吉尼爾幼兒園最重恐停辦 - ttv.com.tw。爆虐童遭開罰！ 新莊吉尼爾幼兒園最重恐停辦 ttv.com.tw,,https://news.google.com/rss/articles/CBMifEFVX3lxTE9aYzJiTTlVZ2g5MWlwUmRDUmU0eXd5b1NtaEFSQWhzMHVlVmtNdnRzblJBNy1EODh1YjB3M01WTGhuTkJZQkNydXhTYTNUbEM1eXJRY0F0R3p0Q29lLTRvS3J4eUZreFJ3a0xrcVhBRkNBek5OMFJGV1hqdS0?oc=5
P000046,K79791C2A87,新北市私立吉尼爾幼兒園,新聞：三立新聞,2026-04-13,新莊吉尼爾幼兒園遭爆利剪驚嚇、拖行拍打虐童！教育局重罰處分曝光 - 三立新聞。新莊吉尼爾幼兒園遭爆利剪驚嚇、拖行拍打虐童！教育局重罰處分曝光 三立新聞,,https://news.google.com/rss/articles/CBMiSEFVX3lxTE1oRnlTb2lDVDR0UVpaVGd3bFlmMFFjZ1MyZkZnMDJEMWd6WmNrRjRCUzZqZTVDQ2xYR3dPWjc4alg3VjVDZERIZdIBTEFVX3lxTE5YVVAyU21Ob1RVQ0Y3Y0pQZkl1YjdVdGV3alVUNGd5dnpQcnZrNWxDVkZMdnlOYnNhRGhQRjdsS2JKYlZaSmVDRXVOZno?oc=5
P000047,K79791C2A87,新北市私立吉尼爾幼兒園,新聞：news.ebc.net.tw,2026-04-24,持剪嚇幼兒！新莊吉尼爾幼兒園6人遭處分 園所停招1年 - news.ebc.net.tw。持剪嚇幼兒！新莊吉尼爾幼兒園6人遭處分 園所停招1年 news.ebc.net.tw,,https://news.google.com/rss/articles/CBMiVkFVX3lxTE9sMFJVbk9xYlAyVXMtVHYwdVlydndyUUVKSG5aUGhnTWk0SDRVOE9uLUI2dzBZQm9Ea0ptbENLVVVkR1kzd1BZSW5IZ3poTTl2V1FXVWJR?oc=5
P000048,K79791C2A87,新北市私立吉尼爾幼兒園,新聞：ETtoday新聞雲,2026-04-13,新莊吉尼爾幼兒園「拍打拖行幼童」　遭罰24萬、最重勒令停辦 - ETtoday新聞雲。新莊吉尼爾幼兒園「拍打拖行幼童」 遭罰24萬、最重勒令停辦 ETtoday新聞雲,,https://news.google.com/rss/articles/CBMiXkFVX3lxTE9QOHJOVHFldDZJemJ3d2NHeUZQSnlUS0hBSHN4UjBodFV6UWJoeG1WY3A1czVUQ3NiMmw4dkwtUnhwc3h0WU5GS1RyelAtY2NDZmhZOUp4MzF5U1hhamfSAUtBVV95cUxNVmpLNUwwMEtPTGRiT1I2NkN1TXNRcldSYTVyRkVBMWNFZkEyemUzNHc0VC1xYldEazQ2TTFBMHJoRHVSazlDQkkwTVE?oc=5
P000049,K79791C2A87,新北市私立吉尼爾幼兒園,新聞：UDN,2026-04-13,新莊幼兒園不當對待延燒 民代籲強化監管、落實零容忍 - UDN。新莊幼兒園不當對待延燒 民代籲強化監管、落實零容忍 UDN,,https://news.google.com/rss/articles/CBMiUEFVX3lxTE5qNHZJcTJCSEdnQ05NQjZ2MkI5cnNnMzlFX1VxQnJrcUFLUU1rLWN1Tk96eUQyNDZPZEh3VjVCM251U1hkMjc1bDRodzBZY05J0gFWQVVfeXFMTkVla3F6a29jR2xyZUUxME9QeXVnVEh2aXd1MDlpb3MwdFNZeDdqODhKbDVEMFRvdGd4SEhOWGlndEpHTGRRTDdrTHRQM1pYZFZpRGtZRGc?oc=5
P000050,K79791C2A87,新北市私立吉尼爾幼兒園,新聞：青年日報,2026-04-24,新莊吉尼爾幼兒園爆不當對待 6人遭處分、園所停招1年 - 青年日報。新莊吉尼爾幼兒園爆不當對待 6人遭處分、園所停招1年 青年日報,,https://news.google.com/rss/articles/CBMibkFVX3lxTE14QllSVjctaWxFdlg1aEZrdkJlWUMxM3A1bldTUzNiSTNsNlBwSEE1eHg5aFgwdkVDSmh0d01Obkk2ZVQ0VGs2NTh4eTZQUG1MaDZ1dC03NU1vQ09XRmtwNFZOdVVVcmFOR0l1Zm13?oc=5
P000051,K79791C2A87,新北市私立吉尼爾幼兒園,新聞：Yahoo新聞,2026-04-13,童遭拍打拖行、持剪威嚇 新莊吉尼爾幼兒園被重罰39萬發聲道歉了 - Yahoo新聞。童遭拍打拖行、持剪威嚇 新莊吉尼爾幼兒園被重罰39萬發聲道歉了 Yahoo新聞,,https://news.google.com/rss/articles/CBMinANBVV95cUxOM2VDNGN4b2MySTYwNktmOWpxaFhSckVqWGpCalpSTm1CNUhzODdCSWxxQS0tTjJldGVXS1BBRHk0WHZfOW5kTlY4WDRzRXhtUVpvc25JQ1VQdjVoa1pTcF80SzFtWFlQWU1tSk1OOWx3ek1qRmp6NTgtRm9rRjBmNGZOckZfcmpGeHhTbUs4U3Nmc0tIWThnRmdYVXI0R2lfYjJSLU9EODFrVm1HWm9WOVh6ZUJoUjhRdUk3d3J4MVZJRHZUaDVmVExCZG5GUmNTME1WR0d5azdfRkNFMi1lV3FHdWFhOGM1bWpwU0lQUU1yRTZnRjg0cGNzTTJYandUVnVtYjR2UFI1c0dhMVVYNllCS09qcmJFbVduUUEyZl9fVkk5VWZOOHNNNGhQWGNUVjBxck82aHdVNnczZ2hMekhVXzByTnBPOFFtNFp5S3lEOWxtUUdSVlBhbkItUkZVMnlDbDNlMkNSWElabl9pNGR2MXZaX1FVeGkwbzNUVEdEckNGR2V1VFJWTkZabFZEUTJYZHRMblJNN1hN?oc=5
P000052,K79791C2A87,新北市私立吉尼爾幼兒園,新聞：Mombaby 媽媽寶寶懷孕生活網,2026-04-13,新莊幼兒園爆不當對待！群組要老師「動作輕點、檢查書包是否有錄音筆」教育局重罰並擬勒令停辦 - Mombaby 媽媽寶寶懷孕生活網。新莊幼兒園爆不當對待！群組要老師「動作輕點、檢查書包是否有錄音筆」教育局重罰並擬勒令停辦 Mombaby 媽媽寶寶懷孕生活網,,https://news.google.com/rss/articles/CBMiVkFVX3lxTE1RT3ZJV0xNT21HMkdlOVBlYnhOOE53VUFVU0VKY2VPZE9jNDdlV29kblFOc1U3MXFPQ2Z2VVNBV1Q5cDVuQVZobmtOM0lxeUtlWExKRGhB?oc=5
P000053,K79791C2A87,新北市私立吉尼爾幼兒園,新聞：TVBS新聞網,2026-04-13,新莊吉尼爾幼兒園爆虐童！3教職員拍打+拖行 教育局重罰24萬 - TVBS新聞網。新莊吉尼爾幼兒園爆虐童！3教職員拍打+拖行 教育局重罰24萬 TVBS新聞網,,https://news.google.com/rss/articles/CBMiT0FVX3lxTFBTM2RFMW5mZmdOUlJIc3MzTmIxVmRvSjNPNzNCM1dIVG5fNGxEYjdKemQ3RmZfTEtkRDh2VmxkZkMwOXBpT1Voak9POGNBelE?oc=5
P000054,K79791C2A87,新北市私立吉尼爾幼兒園,新聞：中時新聞網,2026-04-24,新北私幼爆虐童6人涉案 院方停招1年、教保員終身列管 - 中時新聞網。新北私幼爆虐童6人涉案 院方停招1年、教保員終身列管 中時新聞網,,https://news.google.com/rss/articles/CBMibkFVX3lxTE9UQ0hUVWU1a3pQMTZqeENqaXoya3lwUFE3NFNOM1lPX1NFbEQxMzBSRGZGQmR4NW1STFFqSDdESlZ0Ql96dzEwRlI5Q2o4eWQ1NlZPQWhlYlFmdko2YUpTbkxOaE9laHdJenpRZEFB?oc=5
P000055,K79791C2A87,新北市私立吉尼爾幼兒園,新聞：知新聞,2026-04-13,2歲童夜半驚醒不敢上學！竟在幼兒園遭拖行、剪刀恐嚇 教育局開罰公布姓名 - 知新聞。2歲童夜半驚醒不敢上學！竟在幼兒園遭拖行、剪刀恐嚇 教育局開罰公布姓名 知新聞,,https://news.google.com/rss/articles/CBMib0FVX3lxTFBDalQ2d1hpSzRZbG15RE95SHRuVS1pdDVnaUltTmQ3N0NhT1lRQmRQTTBkdHRQWG00b0dQTDdSSUdPY1JoSmRaZmFZVm5WNGd3d1lIVU12WEMwd1RNNVJMc1h5WUFURkNxM2RZanZQTQ?oc=5
P000056,K79791C2A87,新北市私立吉尼爾幼兒園,新聞：鏡週刊Mirror Media,2026-04-13,幼兒園遭爆不當對待！教育局處分曝光 - 鏡週刊Mirror Media。幼兒園遭爆不當對待！教育局處分曝光 鏡週刊Mirror Media,,https://news.google.com/rss/articles/CBMiXEFVX3lxTE9YeFhjaWdvd21HUWRVZzI3cDMzNUR6MGhMTE1haGZROHZzMUcyYUdRdEZuRmhibVcybGZOWU9QaG43Vmc5QUJiVWZMc3JmM3F0QXVMbWVUTndmWVJO0gFiQVVfeXFMTzJwOF9QN1pMMG9CTm5OMkk4VERzX2tnZXFxQUN3N0l0bkk1bXJKSTNYb3ZOV1RVelhUZllER013eTRMSnhBNHNqOUxVVFFpZlJBNkJhV01qNFVwaTFVYmRQWXc?oc=5
P000057,K79791C2A87,新北市私立吉尼爾幼兒園,新聞：UDN,2026-04-13,新莊幼兒園遭控不當對待 園方回應：監視器爭議未釐清 - UDN。新莊幼兒園遭控不當對待 園方回應：監視器爭議未釐清 UDN,,https://news.google.com/rss/articles/CBMiUEFVX3lxTE5aRTNzVklHTmNNd3ZTMVhyQ2c1NFNRS0g1N2tWVmk0dE1oamttTnQtVmhqcV93ZVBQa0lqODl4UTRWM3NkRDR6a1dBTmlub3E30gFWQVVfeXFMUDV3dXRCeHJ5V3dWSUFaemlHV1h6U0JDbi1GeG5acGc5VV9qLUowX1JfUWRrbnl2cnVobldfc2dlU1NUdWxaclU4UlZfV2ZIUmRhd1JfLVE?oc=5
P000058,K79791C2A87,新北市私立吉尼爾幼兒園,新聞：自由時報,2026-04-13,2歲幼兒被拍打拖行、持剪刀恐嚇 新莊私幼最重可勒令停辦 - 自由時報。2歲幼兒被拍打拖行、持剪刀恐嚇 新莊私幼最重可勒令停辦 自由時報,,https://news.google.com/rss/articles/CBMiZEFVX3lxTE9DLW12SVN5MHU0QWlSb0o1TFFsTXVfanMxaDBsQzE2T1oxUjAxU0JYLV90N3o0b3lVVHk2TjZHVjkzOFI2RjR3c2NWUDMyTTRVMlVQdHU5eHRoRm8xS1BsMDhRRVbSAWpBVV95cUxNZWFDekRXdlMzMGIyd21sQUVzczBkV3pFVWFPeGFFVFNRdWk1MW1NeHFNRnhUN2U2dGp4aHJacV9BZ0xVcXFkTjIxd0pTMUozdEQxbDZUWjhOOHVYSkd3MjNqdEptb0ZyYkdn?oc=5
P000059,K79791C2A87,新北市私立吉尼爾幼兒園,新聞：三立新聞,2026-04-24,新莊幼兒園爆虐童！6師施暴拍打、剪刀嚇童遭處分　園方罰30萬停招1年 - 三立新聞。新莊幼兒園爆虐童！6師施暴拍打、剪刀嚇童遭處分 園方罰30萬停招1年 三立新聞,,https://news.google.com/rss/articles/CBMiSEFVX3lxTFB3YWNPd3FrNFVIOWY4ZGZ1Vi1SSUNLRzU2MUNGZU40SUZPSWpUV1pKYjV6R21mMVR1YU5wWE1SSFVNYkx1akNMRdIBTEFVX3lxTE9ibjROQzVvS0R5c3ZqMEF3clM1NTYxM3JmWHZlYm0tdWt4RTlEY3IzdTI0bmN1RWZFRHQtUTk4X2VLOU1VYWZSMG1yRG8?oc=5
P000060,K79791C2A87,新北市私立吉尼爾幼兒園,新聞：UDN,2026-04-14,拍打、利剪…新北私立幼兒園涉不當對待幼童 裁罰2人 - UDN。拍打、利剪…新北私立幼兒園涉不當對待幼童 裁罰2人 UDN,,https://news.google.com/rss/articles/CBMiUEFVX3lxTE96MjNPNXFQXy1xa3lrcXlQcmN5cHptSHRxWkFLUUprV1MyTU5lSFZjVnF2U3NIUmQ2bmxlM0s0NlR0UjJJSEU2UUF6Q1JRTjJC0gFWQVVfeXFMT19SOUR1dFBld1Q3bXhObW1taUJLcVo4VDNfVFBESkl2RUZjekdCNUpvSlZRZy0zbFNxd0RzS0s4MWoyVDZKSlltNTB1eWQ5bnNlYjVHSkE?oc=5
P000061,K79791C2A87,新北市私立吉尼爾幼兒園,新聞：UDN,2026-04-13,2歲幼兒遭拍打拖行不當對待 家長配秘錄器蒐證、教育局開罰 - UDN。2歲幼兒遭拍打拖行不當對待 家長配秘錄器蒐證、教育局開罰 UDN,,https://news.google.com/rss/articles/CBMiUEFVX3lxTE9QVHdnTF9iZVg3UjBJWTh4THVqVnBTLWwwYkNXYVVyV1FmRlBiWVlOYVpsdS1hUnhENlozZEd4RGNBSHZrZF8zVlRqUURuUVF20gFWQVVfeXFMTVBUcGJBczUtbzhfVzhjcUNUUWN4R0J5UVliNG5uTEtxQ0ZQMWVFMjhBaTBvcjMwLTFqZmJmdy1CeHliWThMV2d6clo1bWtLaDFweGJKSFE?oc=5
P000062,K79791C2A87,新北市私立吉尼爾幼兒園,新聞：news.nextapple.com,2026-04-14,新莊幼兒園「拍打、拖行」學童 教育局不排除勒令停辦 - news.nextapple.com。新莊幼兒園「拍打、拖行」學童 教育局不排除勒令停辦 news.nextapple.com,,https://news.google.com/rss/articles/CBMif0FVX3lxTE9HVXdJSTh1eDdRWnRvLXFlNjZrb1dyTlI3RHZFUVBVM29hbXhYdW9aZjA5bkdUbzdkYjRaYnlEUjkzSEVpc0s4dVNPMjBqaTVlcEZDQjZSR1M2eGVkbFhqeXoxczM3MHppd0FkX1FRSnM2cmc1QUNyd2QtU1BiN00?oc=5
P000063,K79791C2A87,新北市私立吉尼爾幼兒園,新聞：UDN,2026-04-13,【即時短評】親師互信崩解 幼教現場怎麼了？ - UDN。【即時短評】親師互信崩解 幼教現場怎麼了？ UDN,,https://news.google.com/rss/articles/CBMiUkFVX3lxTE5Zczl5SmhERWcwZU0tckIyTFk3ZkYtb3pNdHJkbGloZVQtbXhpUWVydEVFay1qd2hrVDJaSlp4LURNZmJCUFJZZGp5cF9NSjIzbnfSAVdBVV95cUxNbTNldFFFXzdqbXctT1o4U2g5U19kWG4zMldSQUZPaWhMN3ZoMFNyTjduVXJ0X3R2UXRWM09NeW9wa25STUthV1ZZd09xYTlBTkFWTFBfakU?oc=5
P000064,K79791C2A87,新北市私立吉尼爾幼兒園,新聞：蕃新聞,2026-04-14,拍打、拖行！新北私立幼兒園涉不當對待幼童 裁罰2人 - 蕃新聞。拍打、拖行！新北私立幼兒園涉不當對待幼童 裁罰2人 蕃新聞,,https://news.google.com/rss/articles/CBMiUkFVX3lxTE5ESFBpNFkwRGwybF9MRU82NzFpc2RVZWFXQnBZTnVKSEZCM1RaUkxqYndwVE9lUlhOVGRWTTQxNVRBdGhfSXNncWpPNWhzV1VadkE?oc=5
P000065,K79791C2A87,新北市私立吉尼爾幼兒園,新聞：中時新聞網,2026-04-14,新莊 母錄音蒐證 控幼兒園不當管教 - 中時新聞網。新莊 母錄音蒐證 控幼兒園不當管教 中時新聞網,,https://news.google.com/rss/articles/CBMia0FVX3lxTFBobW1hbXE1VnF2Zk1sMHJwOUptQmNHRjEzWFBRMzk0VmhjY3ZzcVREZ21lUmdnZm5jQUliSFlHajZvYkJQb095RnJoczExckpUYWxTVmU1YjB0ZzFLT3ViMW8wbzUxM1J6QlRn?oc=5
P000066,K79791C2A87,新北市私立吉尼爾幼兒園,新聞：壹電視,2025-10-23,新北幼兒園爆不當管教 家長控「師」暴幼園反指想像力豐富 - 壹電視。新北幼兒園爆不當管教 家長控「師」暴幼園反指想像力豐富 壹電視,,https://news.google.com/rss/articles/CBMif0FVX3lxTE1tNno0dmlYX3VBdjc1eUk1c2NQc25NTWFEWmlxX3hsTzVFX2hKMm5IZmlNbUpZaXplZlJIb0tQTlZOcnBvSnhGWXJBS1VXbC05NzNmX21LdmJrY3VkaExMT1pMSWh2Y0xaMEswYlNhd25PNXBjRzlZbFVBVTh4Q3c?oc=5
P000067,K85371D9ACE,新北市私立尼爾生幼兒園,新聞：ETtoday新聞雲,2013-12-05,新莊尼爾生幼兒園5歲男童墜樓亡　市府重罰30萬 - ETtoday新聞雲。新莊尼爾生幼兒園5歲男童墜樓亡 市府重罰30萬 ETtoday新聞雲,,https://news.google.com/rss/articles/CBMiXEFVX3lxTE8zeGJYb1pHVkhLUDYzUU5VTDNySHFwaU4yRGU1OEtZX2xPenhGYUNyVUhCU3RFb0pENGxQWHJOdW1KOVNHY1pia2FldTRPS0dsUlQ2Q1dwSDRYMlZx0gFKQVVfeXFMTXA3dDQxa05mcWNwUGpYYTFlTWFCa0pEdWNVY0FlNTlCSF91UWoxcTFjeXdnQ3ZoU2dSTmVqUUlFU0RPMms1YmZaQlE?oc=5
P000068,K85371D9ACE,新北市私立尼爾生幼兒園,新聞：自由時報,2013-12-04,童幼園墜樓 師下跪 - 自由時報。童幼園墜樓 師下跪 自由時報,,https://news.google.com/rss/articles/CBMiXkFVX3lxTE5fekswOHF0ZmdHbVRMdGU2RFNjS0ZQd1k5bjFOMmFONzNqbnhmMDVTY3ZveWpMaUxPeVByVUdkUklleVYwTmEwdnZCMlFEdGw3bUFhSUJDSG1LYjJUb3fSAWNBVV95cUxOUnVtdXEwNldUdlVOay1YeER3NjRWQ1NEQjE5U3BoUjNpallTX0tmMXF5b05iTkc3WGo4YnJ5dTZqUUh6MG9OZWtteVc3aTlSaDM5emFCbjVXYkQ0VGVlUGZXa2M?oc=5
P000069,K85371D9ACE,新北市私立尼爾生幼兒園,新聞：自由時報,2013-12-04,男童墜樓意外 事發廁所違建遭重罰 - 自由時報。男童墜樓意外 事發廁所違建遭重罰 自由時報,,https://news.google.com/rss/articles/CBMiZ0FVX3lxTFA5NnF0cVh6ZU1wQ09EOHpkczZNV1Vxc0x6czhzamlLelVOTi1sWW83bXBqajlveTdKb2VtUHlnbm9BX0h0YU9fTlBtU0t6OTFIRWNvLU52akltR0tEVzVtVEtGR0d1QknSAWxBVV95cUxOTU1WV0t2NXpWMlBQc0JJV3RqUUdpNm9Ia3hBSE1oS1M4elBMekFCREFRU3NxLXFIYldTQkM0UlkyVnYwclRBRVRhUnM2dlQ3SE9jSFo2NE13VTdmR0QzMVRPbmdUQm9vN2l0TjI?oc=5
P000070,KBBC1443FA5,新北市私立心慈幼兒園,新聞：知新聞,2026-06-16,灌救片｜桃園龜山工廠驚傳大火！巨大火球炸出「恐怖蕈狀雲」 市府急列「空污警戒範圍」 - 知新聞。灌救片｜桃園龜山工廠驚傳大火！巨大火球炸出「恐怖蕈狀雲」 市府急列「空污警戒範圍」 知新聞,,https://news.google.com/rss/articles/CBMib0FVX3lxTE5lcjdlZ0tWWE44UnlrMG92eHVCTG5hVkpPS0c2VlZ6bEd6b0V3VWFNOG91aEkza1VIR1BlSXpjcHlWaHJ0Z0xESS03ZEQ5SnBnNXdidVNsMXN1cTFWdUc5SFBTenBPVk5fYU40N3BjWQ?oc=5
P000071,KBBC1443FA5,新北市私立心慈幼兒園,新聞：NOWnews今日新聞,2026-06-16,桃園龜山工廠火災！黑濃煙狂竄　環保局急發空污警報：範圍跨新北 - NOWnews今日新聞。桃園龜山工廠火災！黑濃煙狂竄 環保局急發空污警報：範圍跨新北 NOWnews今日新聞,,https://news.google.com/rss/articles/CBMiTEFVX3lxTE5aYWNGTE04alhpcnctOXNvenlBMnhKNFlveF9Ma1RPNVN5ZTAzTks4cXVEaVlrOWJvYnZZSmZXLTQ5cVlzQ2hrT3d4QzHSAVJBVV95cUxPUUJUZmlYOXpBblpUb0lWcUF3b2N6cGNVblFMdTREbXk3MFFwWFBlVWhwMzBTbDRQaDJEQTJNUEZNc0dGYzBVLTRlRHZyQ3VBZW9R?oc=5
P000072,KCE3206B731,新北市私立晨光幼兒園,新聞：知新聞,2026-06-16,灌救片｜桃園龜山工廠驚傳大火！巨大火球炸出「恐怖蕈狀雲」 市府急列「空污警戒範圍」 - 知新聞。灌救片｜桃園龜山工廠驚傳大火！巨大火球炸出「恐怖蕈狀雲」 市府急列「空污警戒範圍」 知新聞,,https://news.google.com/rss/articles/CBMib0FVX3lxTE5lcjdlZ0tWWE44UnlrMG92eHVCTG5hVkpPS0c2VlZ6bEd6b0V3VWFNOG91aEkza1VIR1BlSXpjcHlWaHJ0Z0xESS03ZEQ5SnBnNXdidVNsMXN1cTFWdUc5SFBTenBPVk5fYU40N3BjWQ?oc=5
P000073,KCE3206B731,新北市私立晨光幼兒園,新聞：新唐人亞太電視台,2024-11-28,【廣告】晨光幼兒園 - 新唐人亞太電視台。【廣告】晨光幼兒園 新唐人亞太電視台,,https://news.google.com/rss/articles/CBMi0gFBVV95cUxPMnRkM1U3Z0xuWnZqdlA0STJpREpvUnZrdXdQam9kNDZHNFk5ek5IWlJybV92MENtLWZHaGxyMjFaZ2VIV0Z4VXB5NFUwdk80LUIyY1pnRDdsbHJhYWNqeEdwaTBlR2NJRUxGMTZZVXRZSkF5aXRDQ2pGdXFLR19BOWs0SFFDQmE0YnlQYW9nRjlNU3g4Yi1fblFnOEVoUk1tdkhHWWw2NmRCcThkSGRkS2JFMGUzZEVqSnN2Z0VFcFJ0OVMySXZiRXlFbzItSk5jaXc?oc=5
P000074,KCE3206B731,新北市私立晨光幼兒園,新聞：觀傳媒,2023-12-02,（有影片）／家扶基金會五年來的愛心融化 共融嘉年華感動現場 - 觀傳媒。（有影片）／家扶基金會五年來的愛心融化 共融嘉年華感動現場 觀傳媒,,https://news.google.com/rss/articles/CBMiV0FVX3lxTE5IQ3dLMlhYTXNzejVMbkhqNHIwV3ZsWHJNeVQxbGR3Q0RBR3FDaW9UZl9sYVdCSk5xcVk3NkNzOUt4OEo3N1ZXMkhiRlMzblkzWG9vSTRrcw?oc=5
P000075,KCE3206B731,新北市私立晨光幼兒園,新聞：台灣民眾電子報,2023-01-10,社區一家親 岡山榮家拜訪幼兒園共推代間學習 - 台灣民眾電子報。社區一家親 岡山榮家拜訪幼兒園共推代間學習 台灣民眾電子報,,https://news.google.com/rss/articles/CBMiQ0FVX3lxTE9RT01SalhLUXNtRm12bldPQ0dIeWNZTGdLRXNwemIzUkFHNmtYTzBkUncxT044QWR2QkRwS1M1cFZJZms?oc=5
P000076,KCE3206B731,新北市私立晨光幼兒園,新聞：TCnews慈善新聞網,2023-11-27,無國界婦嬰綜合服務 希恩之家燕巢新院啟用 - TCnews慈善新聞網。無國界婦嬰綜合服務 希恩之家燕巢新院啟用 TCnews慈善新聞網,,https://news.google.com/rss/articles/CBMiWkFVX3lxTE1xUlQtLWxZazNTdDhXdjR3NW9xMnhrN2JJeHRJZlNHanFqNHNYYl83SXE1VHUyZENGOFZaR2lBQ0dSeVFYT0lnamNZVVdSOVU1X2ViMHB5bGVwQQ?oc=5
P000077,KCE3206B731,新北市私立晨光幼兒園,新聞：基督教論壇報,2023-11-24,讓孩子在上帝的愛中成長！高雄希恩之家綠建築新院舍啟用聯手社會局打造無國界婦嬰安置中心 - 基督教論壇報。讓孩子在上帝的愛中成長！高雄希恩之家綠建築新院舍啟用聯手社會局打造無國界婦嬰安置中心 基督教論壇報,,https://news.google.com/rss/articles/CBMijwFBVV95cUxOdFNqRmppWGFqWkRkVHFxcTFNWThUbFJZNXYwdEV5eGdkU0dYQWVJcVlsb0hWVk9rOUx1ZHAyWGI4Wnd4cEhEVm5RSzdpeE9fWG15eTVjeEgzSXZtMXJTRU43b1ZPbjktVGhzeHBZT3FrWHI2aVM2a1BaU0VzTDNBcG9IcFVhU2Z2OWllRndwdw?oc=5
P000078,KCE3206B731,新北市私立晨光幼兒園,新聞：NOWnews今日新聞,2026-06-16,桃園龜山工廠火災！黑濃煙狂竄　環保局急發空污警報：範圍跨新北 - NOWnews今日新聞。桃園龜山工廠火災！黑濃煙狂竄 環保局急發空污警報：範圍跨新北 NOWnews今日新聞,,https://news.google.com/rss/articles/CBMiTEFVX3lxTE5aYWNGTE04alhpcnctOXNvenlBMnhKNFlveF9Ma1RPNVN5ZTAzTks4cXVEaVlrOWJvYnZZSmZXLTQ5cVlzQ2hrT3d4QzHSAVJBVV95cUxPUUJUZmlYOXpBblpUb0lWcUF3b2N6cGNVblFMdTREbXk3MFFwWFBlVWhwMzBTbDRQaDJEQTJNUEZNc0dGYzBVLTRlRHZyQ3VBZW9R?oc=5
